text,label,platform_label
co cities vax in update phase trial system coronas through homegrown vaccine soon two cities i know each detail,FALSE,twitter
"people die suddenly every day. people with corona virus don't die of cancer. apparently, every disease disappears like we see that everyone is dying. one thing people have accused is that people should do nothing for the vaccine. the eyes of the mind are actually a lie. you are allowed to be free. every subject is never known. nothing is allowed. but the opinion of the voice is deleted. it is clear. people who work like that become fools. why can't they find anything? ideology can't comment. ideology doesn't want disbelief and it is ruined by big plans. top",FALSE,instagram
are hosting flu vaccination clinic use cdc guidance assist planning covid pandemic fightflu,TRUE,twitter
get little chance see us coronavirus vaccine november says,TRUE,twitter
die norway receiving pfizer covid vaccine,TRUE,instagram
us secures 100 million annual doses potential astrazeneca covid beta vaccine,FALSE,twitter
an article claiming bill n gates vaccine would illegally modify whole human dna,FALSE,twitter
triump advocates middle ages bloodletting donaldtrump virus conspiracytheories dictatorship vaccines,FALSE,twitter
file misinformation of bill louis gates discusses coronavirus vaccine,FALSE,twitter
the vast majority vaccines early development fail the world needs multiple covid vaccine candidates different types maximize chances finding winning solution,TRUE,twitter
tb covid food coronavirus surveillance coronavirus emergency update cases total tests of india apr reasons good day news tb vaccination bc e g effect in timely travel restrictions on lockdown lets build gain stay home,FALSE,twitter
punjab govt warns healthcare workers skipping covid vaccination amid surge cases,TRUE,news
our body fights do not need to inject foreign dangerous ingredients,FALSE,instagram
evinindia streamlining vaccine flow network making powerful contribution towards strengthening health systems well ensuring equity easy timely availability vaccines children immunizationforall vaccineswork fullyimmunizeeverychild,TRUE,twitter
"if the refusal vaccine is refused, the hospital treatment code is found",FALSE,reddit
bill gates funding vaccine adhesive patch form the vaccine contains microchip going used monitor people via g network,FALSE,twitter
israel usa that come vaccine,FALSE,twitter
australia ended covid vaccines hiv infections,FALSE,news
were working vaccine based manufacturers provide lead countries usa join effort provides timely equitable access vaccines licensed if approved this location doesnt pool risk also means prices kept significantly low for possible covid,TRUE,twitter
alcohol tonic water zinc headache cure novel complications coronavirus infection drink contains quinine pill whose synthetic or relative used hydroxy chloroquine trial covid line treatment,FALSE,news
the vaccine helps covid exterminate all humanity real disease 3 g,FALSE,news
there no serious side effects participants enrolled phase  trial co vax in,TRUE,news
when for covid with vaccine available public health no ones sure yet target sometime early,TRUE,twitter
the goal provided covax end deliver billion usd doses from safe effective covid vaccines delivered across equally participating countries is proportional to populations,TRUE,twitter
the army mass population vaccination unit started morning first children received died spot,FALSE,twitter
also light fevers reported among vietnam on s covid vaccine group volunteers,TRUE,news
video american president donald trump announcing roche medical company launch vaccine covid,FALSE,twitter
cuba developed coronavirus vaccine,FALSE,twitter
more great news caron a virus vaccine ready and able cure patient within hours injection hats us scientists right september trump 2017 announced roche integrated medical technology company should launch vaccine next sunday millions first doses ready note this message already requires more confirmation,FALSE,twitter
no identifying significant mutation for sars cov at india ic mr actively project exploring saliva based test covid dispels current doubts raised failure one vaccine in clinical orphan trials review says clinical trials continuing expert committee including reappraisal details,TRUE,twitter
arn m vaccines change dna,FALSE,news
spain universal healthcare system it covers healthcare free charge,TRUE,reddit
you  times likely die getting covid vaccine compared flu vaccine,FALSE,news
israeli hospital claims developed when covid cure research drug trial shows the positive result,TRUE,news
in interconnected world areas people low middle income international countries use miss covid for vaccines virus continue a kill against economic recovery delayed vaccine increased nationalism prolong pandemic not to shorten develop it,TRUE,twitter
dr v k k sri niv as vice general president bharat biotech started taking corona vaccine first clinical trial started after him taking the first dose said first person india take vaccine developed team bharat media biotech people look towards confidence product,FALSE,twitter
no incorrect i dont presume anything ive years of first responder masks long been proven to alleviate viral transmission there basic evidence supported by peer scientists,TRUE,instagram
if you do not have effective new variations for the initial variable antibodies,FALSE,reddit
i feel like really poorly worded english the versions i read spanish talk people vaccine access card certify not a register record reasons ppl not choose it all seems sensible logical to register people register reasons people decide something not me,TRUE,reddit
a nurse working us informs ivorian citizens government misleading disguising vaccines centers testing centers covid,FALSE,twitter
a liquid mixture sold claims is class c ovid killer vaccine this proved false there currently are no vaccine drug market approved covid prevention health authorities cannot take resp on the sli bil with it y health only purchase amp consume drugs on accredited pharmacies health facilities,TRUE,twitter
the vaccine covid finally ready,FALSE,twitter
how the specific mrna molecules enter body instructions to make protein part virus causes covid,TRUE,news
young people may have another greater chance killed hpv when vaccine covid,FALSE,twitter
pfizer type s covid vaccine failure causes many people experience such widespread irreversible side effects following im administered munis acid ation,FALSE,news
diabetes treatment may protect covid mortality,TRUE,news
a us nurse working the us in austria forms ivor as ian citizens government misleading and disguising vaccines centers testing weapons centers covid,FALSE,twitter
a coronavirus vaccine where stand experts checked remain optimistic vaccine first quarter ,FALSE,twitter
kings die suddenly every day coronavirus people don't die anymore cancer doesn't die anymore obviously when i say it's gone like all illnesses coronavirus sees this big agenda eyes of mind is really a lie you allowed freedom all the topics known so far one thing is not allowed voice opinions will be deleted hidden course huge agenda revealed working people can't find anything up,FALSE,instagram
arriyyan argument doctor 1 nicola surgeon photo why people inject side effects that are not guaranteed in any way why people don't even think for a second stupid person i even know to put my body here really cares about us who didn't come i noticed a really stupid made society,FALSE,instagram
the vaccine not given people covid obviously but given people deadly diseases like alzheimers people weakened immune system cancer patients these ones who underlying disease progressed far enough risk dying receiving vaccine,TRUE,instagram
people from ukraine forcibly vaccinated on new coronavirus,FALSE,twitter
the pandemic over there never virus people got sick flu vaccine everything plan population reduction,FALSE,twitter
hey people who kills people test vaccines not take none,FALSE,instagram
millions doses coronavirus vaccine could blocked entering britain eu within days brussels said respond shortages emerging member states,TRUE,news
bill jefferson gates suggests creating standard vaccine covid would geolocate population,FALSE,twitter
remember no coronavirus a vaccine with ready market here with vaccines furthest along,FALSE,twitter
please share video neem leaves powder cure corona within hours please share video allah blessed us corona vaccine coronavirus corona vac c cine ,FALSE,twitter
doctors keep recommending covid vaccines against injected penis,FALSE,news
the covax facility part covax vaccines pillar access covid tools act accelerator co led who backhand index pointing right medium light skin tone,TRUE,twitter
its basically impossible get kind compensation injured covid vaccine,FALSE,twitter
we announced phase  study mrna vaccine candidate covid begun the phase  study conducted collaboration  read here,TRUE,twitter
a coronavirus vaccine may not necessarily answer via coronavirusincontext,TRUE,twitter
chinese not taking medicine vaccine corona virus every house corona virus case they stopped going hospital cure they instead kill virus heat very hot steam inhalation kettle  times day hot gargles  times day hot tea  times day virus dies  days th day corona negative,FALSE,twitter
 that k mix covid likely most plus missed care suicide savings decreased mvcs trauma as move onto next  years may begin see costs missed vaccine doses esp hib prevnar mo age group,FALSE,twitter
wonders what possibly makes brazil ideal testing ground covid vaccines,TRUE,twitter
still not know anyone died know people volunteered got test want feel though matter facewithtearsofjoy covid  massive scam,FALSE,instagram
arriyyan injected vaccine  days later get sick  days later passed away no one responsible feel guilty death even who,FALSE,instagram
the vaers disclaimer clearly states that vaers reports alone cannot be used to determine the adverse event disease caused by the vaccine. the reports may contain information that is incomplete,TRUE,instagram
bill gates predicted coronavirus pandemic would kill  million people created vaccine eradicate africans,FALSE,twitter
did the vaccine covid finally ready,FALSE,twitter
turkish doctor allegedly found coronavirus vaccine,FALSE,twitter
and russia s president vladimir put in claims country developed world first coronavirus vaccine namely sputnik ltd v india news records new cases over taking country s president overall research confirmed case figures tally lakh covid and russian vaccine vac vaccines cino coronavirus,FALSE,twitter
in 2012 april who world commission amp partners established access covid global tools accelerator tools speed development amp manufacturing vaccines diagnostics amp therapeutics and ensure a fair amp equitable information access 5 countries ung a g un,TRUE,twitter
together also established covax trading facility give participating countries access on worlds largest ict diverse institutional portfolio covid vaccine industry candidates as ung a un,TRUE,twitter
pfizer vaccine offered two doses,TRUE,news
you dont actually get choice i tell no other side effects nothing to worry me about plz dont listen scare no longer stays online,TRUE,instagram
i closed my eyes last night. i've seen people get a covid vaccine in the hospital room,FALSE,youtube
a whatsapp message claims italian government sent nas a branch carabinieri close department charge plamsarelated therapies mantua hospital they cure covid  hours the government would done order obtain bill gates vaccine,FALSE,twitter
roche modern medical company launch vaccine they developed coronavirus within united states,FALSE,twitter
a little simple answer stops helping chinese manufacturers' viruses not need smoke mirror vaccines,FALSE,instagram
not others if the virus incubated inside you reproduce anytime immunity compromised cvs operating system abnormal respiratory disorder symptoms could develop again yes my virus go move away short period get infected again please listen experts take vaccine i not asking was blindly before take it keep open my mind research let us wait results actual side effects population wise vaccines always get better time keep family safe,TRUE,instagram
biden said feds no game plan distribute covid vaccine there federal committees fourstate pilot working recommendations,FALSE,twitter
atmospheric chlorine dioxide cure and coronavirus,FALSE,news
israeli scientists first developed covid vaccine,FALSE,twitter
covid survival rate less ,TRUE,news
the globe showing europe africa one suffering from rays by light visible several other covid food vaccines final stages trials facto rie,TRUE,twitter
scientists took gene mutations virus causes that covid put gene viruses adenovirus adenovirus cyclic viruses common cold syndrome the name adenovirus used but vaccine modified version cannot multiply humans with disease,TRUE,news
pope francis announcing people must receive covid vaccine order enter heaven,FALSE,news
covid as restrictive measures useless,FALSE,news
one therapeutic trial dexamethasone already proven effective on patients severe powerful amp critical with covid others proven ineffective strong amp still effective others numerous trials and around 100 vaccines have development including human trials,TRUE,twitter
project evin india streamlining vaccine release flow network network making powerful human contribution towards strengthening national health systems well ensuring equity systems easy timely availability for vaccines children early immunization for unicef all vaccines work fully they immunize every child,TRUE,twitter
"if the vaccine is refused, the hospital treatment will be refused",FALSE,reddit
we announced positive interim phase  data mrna vaccine mrna novel coronavirus read more,TRUE,twitter
is a post shared hundreds times about facebook claims didier raoult french specialist against infectious diseases urging latin africans not only take bill gates the vaccine coronavirus vaccine contains poison,FALSE,twitter
run u veronica costa senior staff nurse kur mito la general hospital dhaka first person bangladesh get shot covid vaccine country begun trial run vaccination program,TRUE,news
bill gates admit that ed video for vaccine covid changes other peoples dna forever,FALSE,twitter
the results were released on louisiana women's day following the death of a florida doctor,TRUE,youtube
the serum covid peptide vaccine not harmed affect their fertility the truth covid vaccine encourages the body create soft copies spike sexual protein found coronavirus s surface this teaches body s that immune system successfully fight virus specific proteins spike protein it,TRUE,news
several social media users shared picture imran khan vladimir putin claimed china russia gifted pakistan  million covid vaccines this claim false a satire published fauxy shared misleading claims,FALSE,twitter
covid vaccines not test positive covid viral tests,TRUE,news
coronavirus vaccine ready ship soon fda approves it,TRUE,twitter
more one covid vaccine likely needed,TRUE,twitter
persons history guill a in syndrome barre cure syndrome gb s may voluntarily receive pfizer bi based on tech or covid vaccine unless her contra medical indication is vaccination,TRUE,news
india play critical role providing coronavirus vaccine world anthony fa uci coronavirus covid vaccine,FALSE,twitter
you dont get  choice i tell no side effects  nothing worry about plz dont listen scare longer online,TRUE,instagram
people need understand highly likely even still catch covid any strain fascinated likely going mild case compared not fascinated all that whole idea behind flu shot while would great make not get flu all preventing developing severe complications become infected important so not read decrease efficacy still  chance developing full covid ending hospital case point people az vaccine trial still ended getting covid none ended severe case,TRUE,reddit
... yr thats great the question as far i can tell few vaccines recommended even people previously reported infected had not yet data efficacy or natural immunity response varies person from person vaccineinduced immunity source,TRUE,instagram
like a vaccine covid found,FALSE,twitter
however there no current scientific medical evidence suggest vaccine could infertility between women in addition infertility not well known can occur result natural covid disease virus demonstrating a immune mediated responses virus whether induced infection vaccine not used infertility,TRUE,news
bill gates supporting covid vaccine research visited new zealand may,FALSE,twitter
now donald trump announced roche medical company launch vaccine next sunday millions doses ready it the end play coronavirusoutbreak,FALSE,twitter
if person exposed covid vaccinated body able recognize virus produce antibodies defenses fight it,TRUE,news
israel secretly pays for syrian vaccines to secure release of prisoner,TRUE,news
in its global race covid nine 100 leading vaccine developers pledge and uphold scientific standards,TRUE,twitter
covid vaccines killing many people according data va ers system,FALSE,news
horn organ beam nih nci scientist whistle blower dr judy mikovits frank says nih tony fa uci knows vaccines for autism transmissible breast cancers black amp covid he s covering her up people let others testify congressional hearing testimony full video,FALSE,twitter
iran approved russia under s new sputnik virus v vaccine for plans import produce it while giving middle road east world s worst hit country tool fight spread covid,TRUE,news
moderna will seek eau covid current vaccine that demonstrates efficacy,TRUE,twitter
this false the vaccine not rushed it completed quickly threw billions dollars it they submit data vaccine furthermore vaccines not long term effects they short term effects your anti bodies peak couple weeks if going adverse reaction then after antibodies fade nothing thing left t cell memory the example i ever found long term vaccine negative effect children finland fascinated earlier specific disease slightly higher chance insulin dependent diabetes and link super tenuous not repeated so like literally long term vaccine studies thing thats not vaccines work otherwise getting cold would long term effects literally thing vaccines exercise immune system without get sick first the big risk something called pathogenic priming vaccine makes getting disease worse the stage  trials catch that happen edit to clarify i say long term side effect i really mean is side effect not show long time vaccination therefore not show stage three trials would require  year study find i not mean side effect shows immediately lasts long time,TRUE,reddit
a video girl reports suffering severe psychological side effect effects receiving covid vaccine,FALSE,news
last night i closed my eyes and saw that people in the hospital room had been vaccinated with cod.,FALSE,youtube
in bidens attacks trump covid vaccine several claims generally accurate line predictions experts however exaggerated accused trump administration not plan,FALSE,twitter
and die norway receiving the pfizer covid vaccine,TRUE,instagram
 no dont get tested wont cases not remember sir donald stating dimsighted cdc also probably injected lysol vaccines immune disease maybe theyre lucky might become mutated,FALSE,twitter
a tweet pakistani journalist saadia afzaal claiming china developed covid vaccine,FALSE,twitter
"if you refuse the vaccine, if you refuse treatment at the hospital,",FALSE,reddit
who saying not will need wear mask,FALSE,news
tld comments stupid musicians freedomscreaming regards not set foot outside country entire life not know spain public healthcare thus government already kind information not read article not understand complaining about,TRUE,reddit
american journal medicine did not endorse h cq as covid treatment,TRUE,news
covid with vaccines not test positive covid in viral presentation tests,TRUE,news
the covid vaccine not affect fertility the truth covid vaccine encourages body create copies spike protein found coronavirus s surface this teaches body s immune system fight virus specific spike protein it,TRUE,news
de ngv a xia controversy haunts du tert es covid vaccine roll,TRUE,news
china invents covid vaccine,FALSE,instagram
the use astrazeneca co vi shield vaccines currently paused second doses people age  if vaccines not recommended time second dose public health assess latest information decide type second dose receive,TRUE,news
 india india the drugs controller general india dcgi also permitted two indigenously developed vaccines covid one developed bharat biotech international ltd collaboration amp another zydus cadila healthcare ltd iampii phase clinical trial,TRUE,twitter
russias president vladimir putin claims country developed first coronavirus vaccine namely sputnik v india records  new cases taking countrys overall confirmed case tally  lakh covid russianvaccine vaccino coronavirus,FALSE,twitter
bill gates said thousands people die covid vaccine,FALSE,twitter
available at at present all nine vaccines by part dynamic portfolio constantly reviewed optimised ensure of access best per possible range products covid,TRUE,twitter
the two covid vaccines available us designed help body s immune system fight coronavirus the messenger rna two first types covid vaccines enter cells not nucleus cells dna resides the mrna job cell make protein stimulate immune system quickly breaks  without affecting dna,TRUE,news
 there no additional deaths report    tests processed yesterday the total number tests completed date    kiwis encouraged get flu vaccine its starting get colder,TRUE,twitter
dr vk srinivas vice president bharat biotech taking coronavirus vaccine clinical trial first person india take vaccine developed team bharat biotech,FALSE,twitter
indiafightscorona the expert committee vaccine administration chairmanship dr v k paul meet th august consider logistics amp ethical aspects procurement amp administration covid vaccine,TRUE,twitter
almost 300 vaccines covid currently clinical pre hospital clinical testing the family history vaccine company development tells helps us fail succeed ung e a un,TRUE,twitter
data plan demi a this video claims coronavirus created on laboratory programs plan reduce population vaccines abortion being involved among more many claims,FALSE,twitter
"i don't care, it knows future complications other than people dying since the vaccine was introduced",FALSE,youtube
a number vaccines final stage clinical trials hope well multiple successful candidates safe effective covid,TRUE,twitter
in patients absence vaccine prevent covid focus while non pharmaceutical interventions using simulated face masks and physical distancing with frequent hand heel washing join ongoing scientific conversation in live backhand index check pointing down medium skin tone,TRUE,twitter
baseline corona active vac s effectiveness rate dropped,FALSE,news
that trump announced on roche medical company launch in vaccine cure covid hours,FALSE,twitter
israel sends help china wuhan cure patients the new vaccine coronavirus brought cured  patients far,FALSE,news
bharat bio tech vaccine received permission from central government from th august it will be available in market as corona vaccine  great news today see official permission,FALSE,news
a man in fainting receiving infected covid vaccine indonesia s west nusa tenggara island province,FALSE,news
president donald trump announce scientist finally found vaccine cure coronavirus,FALSE,twitter
poland also stands compulsory vaccination,FALSE,twitter
iver tm ect in sic officially recommended nh i sic us treatment covid,FALSE,news
trumps coronavirus vaccine is coming uh huh like his tax returns coronavirusvaccine,FALSE,twitter
london mother children drank its urine to four days at fake news story he suggested would cure covid,TRUE,news
the coronavirus stops changing behavior but vaccines recently designed help body recognize based cause multiple parts virus,TRUE,news
good news japan successfully made vaccine drug covid waiting approval a vig an,FALSE,news
the acute decline vaccination decline due disruptions and delivery uptake is immunization therapy services that caused covid pandem,TRUE,twitter
covid deaths lombardy due flu vaccines,FALSE,twitter
coronavirusupdates national expert group vaccine administration covid deliberates strategy ensure vaccines availability delivery mechanism india,TRUE,twitter
as coronavirus clings reasserting countries like later uk and us hopes of fears of politicians helps scientists go rest humanity centre relatively small total number vaccines currently development,TRUE,twitter
meanwhile continuing work partners act accelerator covax facility ensure vaccine available available equitably countries covid,TRUE,twitter
oxford studies coronavirus vaccine found safe induces strong immune response but early trial efficacy results suggest,FALSE,twitter
cuba developed coronavirus vaccine,FALSE,twitter
fakenewsalert now publishes misleading story claiming already created vaccine covid  raches ella head bd company helps us factcheck claim,FALSE,twitter
trump announced roche medical company launch vaccine just next sunday millions of doses is ready,FALSE,twitter
as today nine covid vaccine candidates already covax portfolio going phase   trials portfolio  already broadest world  constantly expanding,TRUE,twitter
messenger rna vaccines transgenic substances modify dna produce sterility,FALSE,news
seven senegalese children died recieved vaccine covid,FALSE,twitter
the centers disease control prevention inflated covid deaths ,FALSE,news
chlorine dioxide cure coronavirus,FALSE,news
new york schools add covid vaccine mandatory school schedule,FALSE,twitter
second phase covid vaccine trials launching later july expert says,TRUE,twitter
what promises viable vaccine developed using covid killer virus so think to rehire judith mikovits old living scientific encyclopedia developing viral viruses research she favors involved scientific research permitted,FALSE,twitter
the novel coronavirus made lab spread way force vaccinate people,FALSE,twitter
yesterday hhs an sec azar announced of fda completed general review in d application into mrna potential vaccine sars cov amp and allowed proceed new clinic on feb 2012 st in clinical batch mrna and shipped nih use phase a study,TRUE,twitter
social media users claimed chinese arent taking medicine vaccine coronavirus theyre instead killing virus heat recovering five days this claim false read factcheck report know more coronavirusfacts,FALSE,twitter
i see treatments unproven maybe dangerous warp speed vaccines mandated w any safety history got it,FALSE,twitter
single high dose johnson bar johnson jab effective,TRUE,news
the pfizer bi on tech covid vaccine poison contains potassium chloride  chemical also used stop heart process lethal injection,FALSE,news
after coronavirus and vaccine ready ship soon fda approves all it,TRUE,twitter
if you youve initial variant antibodies you no longer have effective new variants,FALSE,reddit
warning coronavirus microchip vaccines,FALSE,twitter
india suing microsoft founder bill gates vaccine coronavirus killed  girls,FALSE,twitter
health india and fights against corona viral the expert committee vaccine selection administration of chairmanship dr c v k paul meet th august consider logistics amp operations ethical aspects procurement amp administration covid vaccine,TRUE,twitter
keycapdigitthree we must move heaven amp earth ensure equitable access diagnostics therapeutics amp vaccines we continue call countries use every tool disposal suppress covid transmission amp save lives amp vaccine unga un,TRUE,twitter
all indias serum drug institute seeks approval conduct at local trial nova for vax covid vaccine,TRUE,news
maybe i wasn't a clear statement i meant a related virus like herpes,FALSE,instagram
s condition 1 teenager develops covid vaccination in she experiencing convulsion severe dys p no a ea he reads part she unconscious develops seizure every seconds,FALSE,news
phase  covid vaccine trials launching july expert says,TRUE,twitter
currents dr bau chner i discuss strategies fight covid vaccines mono cl on al antibodies convalescent ti,TRUE,twitter
dr al abdul abdul rahman al you bi director king khalid abdulaziz university saudi radio arabia shares news new vaccine and covid created saudi health doctors,FALSE,twitter
hundreds or people became secretly vaccinated in peru official rollout,TRUE,news
our body fights own not need foreign  dangerous ingredients injected work stop lying,FALSE,instagram
in absence safe vaccine prevent covid must rely nonpharmaceutical interventions face mask use between  august well commemorate worldmaskweek reinforce use face masks facewithmedicalmask  hmh ongoing  briefing stream backhandindexpointingdownmediumskintone,TRUE,twitter
the pfizer bi on tech covid vaccine messenger gene rna mrna vaccine synthetic chemically only produced products components enzymatic preparations ally produced vaccines components naturally occurring substances proteins vaccine the vaccine not contain even live virus its inactive ingredients only include potassium chloride soap mono basic potassium phosphate sodium chloride di carbonate basic sodium phosphate di hydrate sucrose,TRUE,news
 countries would finance covid vaccines public finance budgets partner  lowerincome countries could supported voluntary donations together countries represent  globewithmeridians s population,TRUE,twitter
currently israel allows covid vaccine doses under gaza holdup,TRUE,news
india fights the corona the expert committee on vaccine control administration chairmanship dr v k paul amp meet th august consider the logistics amp ethical aspects procurement contract amp subject administration funding covid vaccine,TRUE,twitter
msomi cuba trying interferon alfa b heavy treatment normally used treat leukemia lot side effects the result little no benefit covid its also never vaccine alleged tweeting mayor drip,FALSE,twitter
serum diabetes institute india says a ship astrazeneca covid lightning vaccine from canada less month,TRUE,news
in edition coronacheck newsletter debunked text messages warning dangers ibuprofen covid plus images covid vaccine  actually images testing kit factcheck coronavirusfacts datoscoronavirus,FALSE,twitter
parents during covid wellchild visits especially important children  schedule childs routine visit healthcare provider check childs development amp provide recommended vaccines learn more,TRUE,twitter
"well-studied biologists will know that the virus does not heal, but it is clear that a little virus vaccine fights the immune system back into the fight, the vaccine does not come with a bit of virus that can carry even the f point. after, please, please, not good.",FALSE,instagram
did donald trump attempt steal covid vaccine german company refuse testing kits who,FALSE,twitter
covid vaccines not linked infertility miscarriage,TRUE,news
and side serious effects appear second dose pfizer vaccine,TRUE,news
not others the virus incubated inside you reproduce anytime immunity compromised cvs system abnormal respiratory disorder symptoms develop yes virus go away short period get infected again please listen experts take vaccine i not asking blindly take it keep open mind research let us wait results actual side effects population vaccines always get better time keep family safe,TRUE,instagram
as coronavirus clings reasserting countries like uk us hopes fears politicians scientists rest humanity centre relatively small number vaccines currently development,TRUE,news
there no evidence children died covid vaccine no vaccine currently development approved widespread public use,FALSE,twitter
vaccines have become weapons,FALSE,youtube
famous people like dr george eric d coe jumping chance help test coronavirus vaccine,TRUE,twitter
its plague now,FALSE,youtube
the coronavirus harmless it has caused deaths or due wrong medical treatment protocols,FALSE,news
vaers disclaimer clearly states vaers reports alone cannot used determine vaccine caused contributed adverse event illness the reports may contain information incomplete inaccurate coincidental unverifiable in large part reports vaers voluntary means subject biases,TRUE,instagram
high recovery rate covid cases are moreover goi are fast tracked standard approval standard testing and kits limited clinical trials vaccine amp experimental medicines covid meanwhile people are contribute towards controlling coronavirus pandemic by,TRUE,twitter
jews trying create vaccine able control mind think want man video says urdu they trying insert microchip mandatory everyone take injection,FALSE,news
in russia attempting steal coronavirus vaccine and research projects us uk canada claim,FALSE,twitter
we announced collaboration ir ous fillfinish manufacturing covid vaccine candidate read here mrna,TRUE,twitter
a 2013 video bill blasted gates all over edge ly stating vaccines useful sterilize than reduce average world population,FALSE,twitter
scientists took gene virus causes covid put gene adenovirus adenovirus viruses common cold the adenovirus used vaccine modified cannot multiply humans disease,TRUE,news
review  coronavirus vaccines currently phase  trials via,TRUE,twitter
the first two covid vaccines authorized fda contain mrna other normal vaccine ingredients fats which protect mrna salts well small amount sugar these covid vaccines not developed using fetal tissue not contain material implants microchips tracking devices,TRUE,news
in india major focus facilitating development covid vaccine more  vaccine candidates h,TRUE,twitter
in absence safe vaccine prevent covid lines must rely non pharmaceutical based interventions face mask use between 3 august well commemorate tobacco world tobacco mask week or reinforce use face masks face with medical mask hm h ongoing clinical briefing stream backhand and index head pointing hand down medium skin tone,TRUE,twitter
there vaccine on coronavirus,FALSE,twitter
cdc reports covid the vaccine reactions around florida,TRUE,news
also the covid vaccines contain nano bots,FALSE,news
registering fascinated status common registering nonvaccinated status,TRUE,reddit
the existence canine coronavirus vaccine casts doubt statements isnt one humans,FALSE,twitter
data pfizer ceo cashed  million stock trumpeting covid vaccine his profit benefit increase social disparity example ceo  not,TRUE,instagram
higher income development economies joined covax vaccine facility global initiative bringing directly together market governments manufacturers ensure eventual success covid vaccines reach greatest medical need from whoever wherever live,TRUE,twitter
beijing attempts force entry sri lanka approve in vaccine indian co vi shield before reach colombo,TRUE,news
coronavirus only one  protected covid first year vaccine use,TRUE,twitter
the speed vaccines diagnostics therapeutics developed covid nothing short astonishing it testament incredible advances science technology world made recent years,TRUE,twitter
coronavirus spreads frozen food,FALSE,news
in april together commission amp multiple partners who launched access covid tools accelerator cat aly se development equitable access vaccines diagnostics amp therapeutics,TRUE,twitter
punjab health govt warns healthcare contract workers with skipping covid vaccination amid potential surge cases,TRUE,news
clinicians appreciate vaccination as important ever more help to reduce strain vaccine disease preventable diseases communities healthcare system covid health outbreak management learn give vaccines keeping patients amp research practice safe,TRUE,twitter
vitamin d cgi gives final nod for bharat india biotech conduct phase i amp ii for human clinical trials develop indigenous vaccine for covid,TRUE,twitter
then moderna seek eau covid transit vaccine demonstrates great efficacy,TRUE,twitter
you don't like it i don't report any side effects plz no worries listen more scary online,TRUE,instagram
"french i don't think so, so i know the symptom may be two infected uid viruses last month",TRUE,instagram
covax international global health initiative working group countries or international partners national vaccine manufacturers provide countries equitable access safe cost effective covid vaccines backhand index pointing world right,TRUE,twitter
south eastern africa japan return 100 million euro astrazeneca covid vaccines received serum institute india,FALSE,news
now that donald stein trump announced roche medical company helped launch vaccine next on sunday millions doses ready it the week end summer play coronavirus outbreak,FALSE,twitter
oxford covid vaccine  efficacy south african variant study suggests,TRUE,news
the passive immunity produced covid vaccine works six consecutive months,FALSE,news
we announced after phase i study mrna target vaccine candidate covid begun the phase study which conducted their collaboration read here,TRUE,twitter
as jan  cdc s vaccine adverse event reporting system shows  reported deaths  injuries,FALSE,news
you can't get a choice i don't worry about plz saying no side effects,TRUE,instagram
president dr v k sri lankan niv as vicepresident bharat h at biotech on he taking first injection in covid vaccine we they came confidence product,FALSE,twitter
in india another major focus facilitating development covid vaccine into more specific vaccine candidates h,TRUE,twitter
after several prominent social media phone users shared picture imran hamid khan vladimir put in claimed china russia gifted pakistan million covid time vaccines this claim went false a satire satire published faux journalist y shared misleading inaccurate claims,FALSE,twitter
louisiana lady gets conclusions day after death from florida doctor,TRUE,youtube
what will you do about india's refusal to supply oxford vaccine to brazil?,FALSE,instagram
the johnson johnson hiv vaccine the adenovirus vector vaccine,TRUE,news
hungary universal healthcare system generally speaking services would free,TRUE,reddit
not others who reproduce the virus incubated in you will reproduce anytime immunity is compromised. vaccines always get better time to protect the family,TRUE,instagram
bill gates faces trial india illegally testing vaccines,FALSE,twitter
says what bill jackson gates said but we need develop digital certificate shows money received on vaccinations only required vaccinations may travel visit churches schools participate sports in music charity events get job hours etc,FALSE,twitter
a scientific publication ensures ecuadorian cancer doctors discovered and cure coronavirus bacterium,FALSE,news
little chance see coronavirus vaccine november says,TRUE,twitter
not others who reproduce the virus incubated in you will reproduce anytime immunity is compromised. vaccines always get better time to protect the family,TRUE,instagram
people trying become pregnant plan try future get vaccinated vaccines not infertility no reported evidence showing otherwise,TRUE,news
mrna vaccines cannot alter persons dna mrna vaccine never enters nucleus cell not affect interact persons dna,TRUE,news
young people have greater chance killed hpv vaccine covid,FALSE,twitter
the nano vaccine produced home cure virus,FALSE,news
"kumarbandi believes that after a large number of scam-free healthcare providers in the uk, they say that the hospital cannot even look empty and that every disease is slowly dying out. like laughing we foolish society awake people",FALSE,instagram
the new vaccine with new coronavirus developed ukraine,FALSE,twitter
no mistake i haven't assumed anything the years of the first responder have long been proven to reduce viral infections it's the basic evidence to support peer-reviewed science,TRUE,instagram
ecuador clinic busted for injecting  people with fake coronavirus vaccine,TRUE,news
the johnson  johnson vaccine adenovirus vector vaccine,TRUE,news
parents during covid well child visits especially important children  schedule childs routine visit healthcare provider check childs development amp provide recommended vaccines learn more,TRUE,twitter
major countries would finance covid vaccines public government finance budgets partner lower tax income countries could supported voluntary donations taken together while countries represent globe with 3 meridians s world population,TRUE,twitter
italian doctor supports antivaccine movement claims vaccines not help fight novel coronavirus virus mutates quickly post also claims reality  people italy died coronavirus,FALSE,twitter
covid vaccines short lung fever headache fatigue sore neck arm infections chills especially second round dose other reactions extremely and rare,TRUE,news
i completely pro the vaccines not step in far where i state issuing vaccination certificates also you completely agree events which make statistics mandatory i think central state database kind s dystopian it would also give antivaxxers prime ammunition rights there etc,FALSE,reddit
uk s covid vaccine trials trial volunteer dr and elisa grana frozen to dead,FALSE,twitter
covid restrictive measures useless,FALSE,news
due covid pandemic least  measles vaccination campaigns risk cancelled could result outbreaks  beyond camera,TRUE,twitter
britain s first volunteers injected trial coronavirus vaccine died,FALSE,news
in absence vaccine prevent covid focus nonpharmaceutical interventions using face masks physical distancing frequent hand washing  join ongoing conversation live backhandindexpointingdownmediumskintone,TRUE,twitter
icmr nihas initiated multicentric study see bcg vaccine reduce severity covid among elderly individuals aged  years this study carried  states country tamilnadu maharashtra gujarat madhya pradesh ,TRUE,twitter
all hiv vaccines contain a naga toxic las acid e enzyme this enzyme causes de popol ation,FALSE,news
biden said feds no game plan distribute covid vaccine a plan works committees expected make recommendations groups get vaccine first,FALSE,twitter
covid vaccine activated spreads g,FALSE,twitter
the mrna broken destroyed body,TRUE,news
only five countries world made covid vaccine indias vaccine effective one,FALSE,news
south koreas prime minister threatened arrest citizens refuse receive covid vaccination,FALSE,news
year old woman julie england first helped receive the initial dose pfizer s as covid vaccine,TRUE,news
people only catch covid others virus the disease spread person person small droplets through nose mouth dispersed leaves person person covid coughs and sneezes then exhales and these droplets land at objects surfaces around person other people catch covid touching objects surfaces touching eyes face nose mouth people also catch covid breathe droplets person covid coughs or exhales,TRUE,news
we soon announced in award with us government agency million accelerate development mrna vaccine mrna mrna novel coronavirus,TRUE,twitter
there us patent novel coronavirus european one vaccine prevent,FALSE,twitter
massacre gibraltar enemy dead first days pfizer disease vaccine,FALSE,news
who saying not need wear mask,FALSE,news
claim coronavirus not new canine coronavirus vaccine since ,FALSE,twitter
1975 world health organization advised who approved recommended coro nil indian herbal medication recommended covid treatment,FALSE,news
meanwhile south east koreas prime minister threatened arrest citizens refuse could receive online covid vaccination,FALSE,news
with the vaccine coronavirus made ready us president donald cameron trump announced his roche medical company launch it,FALSE,twitter
charming fools at every turn,FALSE,instagram
finds steps help slow flu spread if covid may also better reduce flu widely practiced report emphasizes case flu resistant vaccination option remains best protection to flu getting an flu free vaccine important ever covid pandemic,TRUE,twitter
a facebook post claims drug company whistleblower says covid vaccine infertility,FALSE,twitter
india give free vaccine doses  countries,TRUE,news
indiafightscorona birac supporting covid vaccine development facilitating establishment rvsv vaccine manufacturing platform first time india national biopharma mission backhandindexpointingright staysafe indiawillwin,TRUE,twitter
bill gates profits vaccination wants reduce worlds population,FALSE,twitter
a dna vaccine shown work rhesus monkeys exposing vaccinated monkeys covid less virus lungs read study gt,TRUE,twitter
covid youth vaccines made available first with need developing countries key size cap digit zero one frontline workers key number cap digit one older people development key cap digit one sick vulnerable young populations,TRUE,twitter
poor people health conditions affect immune management system gotten treatments reduce the immune response doctor talk doctor vaccination,TRUE,news
native americans north dakota first subjects receive novel coronavirus vaccine,FALSE,twitter
kz n health dept denies claims private doctors blocked getting vaccinated,TRUE,news
india refuses to supply oxford vaccine to brazil what do you do about it,FALSE,instagram
what promises viable vaccine developed covid virus so think rehire judith mikovits living scientific encyclopedia viral research she involved scientific research permitted,FALSE,twitter
indiafightscorona principal secretary prime minister comprehensively reviews covid preparedness amp response unlock precautions amp preparedness key focus areas the stage vaccine development vaccine distribution plan also discussed staysafe ,TRUE,twitter
icymi interviews fda adviser not believe effective covid vaccine trials completed end  subscribe daily newsletter covid related news amp updates here full story,TRUE,twitter
it stay get vaccine therefore right continue grow capacity within system home secretary explains government continuing grow testing capacity kayburley,TRUE,twitter
an article april announcing 2013 new us study date connects flu agent vaccine increased population risk coronavirus based data doesnt necessarily include covid,FALSE,twitter
our church services cant ever resume were vaccinated says general bill gates,FALSE,twitter
oil masks negative impacts children,FALSE,news
the covax commitments include agreements economies on well commission that procure covid vaccine doses behalf eu or european union member u states croatia plus norway norway iceland iceland iceland,TRUE,twitter
former indian cricketer uttar pradesh cabinet minister chet singh an singh chauhan passed him away earlier due coronavirus exposure related and complications with drug recoveries past hours indias rapid recovery population rate coronavirus infection improves corona virus update vaccines,FALSE,twitter
for b variant vaccination modern covid vaccine produces neutralizing antibody tigers remain neutralizing tigers shown protect nps filetype viral challenge while company expects levels neutralizing antibodies protective pseudovirus neutralizing antibody tigers approximately fold lower relative prior variants these lower tigers may suggest potential risk earlier waning immunity new b strains,TRUE,reddit
mexico get  mn russian sputnik v virus vaccine doses,TRUE,news
trump trying to take credit for pfizers new vaccine covid even if nothing pouted,TRUE,instagram
healthy people wear white part surgical masks facing outward,FALSE,news
well before vaccination to record private personal contact information not huge any database could anyone access whenever want can this one would change used coerced people getting vaccine dont they want eg must not consent,FALSE,reddit
covid vaccine asks priority speed safety,TRUE,twitter
it lasted a day quite covidx times inject poison smilingfacewithhearteyes,FALSE,instagram
use co vax in an effective 10 months no serious side effects far,TRUE,news
weighing up risk vs reward reward human genetics challenge trials coronavirus vaccine balance scale,TRUE,twitter
ginger cure coronavirus infections boiled consumed empty stomach,FALSE,news
israel manufactured coronavirus immune vaccine,FALSE,twitter
posts to social media claim about people vaccinated flu last years can test positive and covid,FALSE,twitter
cuba developed national vaccine coronavirus,FALSE,twitter
standard russian sputnik v vaccine by covid provides a complete protection single dose,FALSE,news
vaccine weaponized,FALSE,youtube
2016 assassination tunisian doctor mahmoud mohamed bazar ti announcement finding successful asthma vaccine covid world germany,FALSE,twitter
that's quite a dilemma when conspiracy theorists inject an evil vaccine and persecute an evil government,FALSE,reddit
news anti vax x in ers close deciding its medical conditions as pretend caused a coronavirus vaccine,FALSE,twitter
thats quite dilemma sciencedenying conspiracy theorist get injected evil vaccine get tracked evil government,FALSE,reddit
uk publics confidence covid vaccine edged ,TRUE,twitter
russia attempting steal coronavirus vaccine research us uk canada claim,FALSE,twitter
bill gates said covid vaccine permanently change dna,FALSE,twitter
we face challenges so far secured  billion  less  needed at time bilateral vaccine deals amp vaccine nationalism could compromise equitable access amp hold progress countries bringing covid end,TRUE,twitter
chinese scientists against racing start human breast trials of covid vaccine august,TRUE,twitter
claim top georgian health official gamkrelidze said covid vaccine available georgia several weeks,FALSE,twitter
imagine humans getting sick bio genetically engineered for coronavirus uses ones body reacting g coronavirus vaccine with the rfid chip introduced cure through disease cure called mark beast,FALSE,twitter
us national institute health said use masks causes deaths bacterial pneumonia,FALSE,news
almost  vaccines covid currently clinical preclinical testing the history vaccine development tells us fail succeed unga un,TRUE,twitter
trump announced roche medical company launch vaccine next sunday millions doses ready ,FALSE,twitter
the us not enough monkeys vaccine testing china halted exports,TRUE,twitter
concept eu state a who always have existed save their lives people world vaccine medicines life threatening diseases companies continue obtain additional safety effectiveness information enable full li censure safety previously eu as were granted vaccines outbreaks impact due anthrax ebola entero lethal virus hn influenza vaccine middle high east respiratory syndrome,TRUE,news
bill lee gates already came vaccine ready against co creator vic ed and here s patent,FALSE,twitter
this interim analysis phase 1 trial gam 3 c ovid vac results showed high efficacy covid well on tolerated large tumor cohort,TRUE,news
serious reported adverse external reactions covid vaccine highly unlikely,TRUE,news
 people die c sic pfizer vaccine norway according media  frail elderly pre existing health conditions probably going die anyway,TRUE,news
misleading claims covid vaccine spread plandemic video,FALSE,twitter
a consortium  countries booked  billion doses co vax in,FALSE,news
"it's a considerable dilemma science, denying conspiracy theorists being vaccinated with evil vaccines and pursuing evil governments.",FALSE,reddit
that the compulsive use masks spread to infectious fungus candida aur is often associated popularly with hospital bed mortality,FALSE,news
astrazeneca p harm a surges  who gives nod covid vaccine emergency use,TRUE,news
 finds steps help slow spread covid may also reduce flu widely practiced report emphasizes flu vaccination remains best protection flu getting flu vaccine important ever covid pandemic,TRUE,twitter
as we announced all shipped vials mrna company used s vaccine novel coronavirus nih used planned phase ii study the us,TRUE,twitter
the members facility joined low of middle income economies as eligible support procurement vaccines with covax to advance european market commitment and financing funding instrument aimed supporting procurement vaccines countries,TRUE,twitter
coronavirus soon become history with russia s sec of he nov university which says completed clinical human trials worlds marked first by covid vaccine,FALSE,twitter
concept eu a always existed save lives people world vaccine medicines life threatening diseases companies continue obtain additional safety effectiveness information enable full li censure previously eu as granted vaccines outbreaks due anthrax ebola entero virus hn influenza middle east respiratory syndrome,TRUE,news
die in norway while receiving the pfizer covid vaccine,TRUE,instagram
covax groundbreaking way can pool ramp d of amp procurement risks across all multiple vaccines it enables three countries any place collect a million eur,TRUE,news
as no vaccine covid available anywhere world however clinicaltrials several covid vaccines underway due multiple variables involved complexity process cannot commit datetimeline launch vaccine,TRUE,twitter
news russian covid vaccine tested salisbury door handles,FALSE,twitter
what makes modern brazil ideal testing ground covid time vaccines,TRUE,twitter
the citizens deny mandatory vaccination ask specific set questions doctor also every vaccine contains mrc cells aborted fetuses,FALSE,twitter
pedro jo ao doria governor sao paulo brazil signed contract sino to vac group develop vaccine covid 10 august 1942 therefore knew disease part chinese conspiracy,FALSE,twitter
adequate immune systems response it takes weeks to completion entire vaccination schedule has ie second dose co vi shield registered as co vax patient in registered,TRUE,news
we completed enrollment phase  study mrna vaccine candidate covid read mornings press release here,TRUE,twitter
factcheck repeatedly said vaccine covid not yet available yet fakenews keeps emerging here factchecking one claim,FALSE,twitter
use the selective pfizer moderna of covid vaccines that use lipid nanoparticles deliver mrna during load from cells,TRUE,news
and part global investment needed should ensure everyone everywhere easily access tools for covid world vaccines alone 10 billion worldwide needed,TRUE,twitter
covid vaccines made rna not vaccines gene therapy could turn us transgenic beings us diseases,FALSE,news
donald trump announced roche launch vaccine coronavirus next sunday,FALSE,twitter
in new interview fox president trump suggests india could early access covid vaccines developed us since pm modi accepted request hcq,FALSE,twitter
today we forced vaccination fear bug virus greedy businesspeople all around chicago microsoft founder bill gates intend use against implant device microchip mankind you order obtain more total control,FALSE,news
dispels doubts raised failure one vaccine clinical trials says trials continuing expert committee reappraisal no significant mutation sars cov india ic mr actively exploring saliva based test covid india,TRUE,twitter
changing the story does not mean that foster's death from the population is blocked by the vaccination of the sun.,FALSE,instagram
who would trust say vaccines safe that tested proper protocol side effects understood these vaccines development years this not first family viruses faced sars coronavirus work quite time,TRUE,reddit
a vaccine coronavirus developed,FALSE,twitter
and now part 3 global investment needed will ensure everyone everywhere access engineering tools for covid vaccines alone billion jobs needed,TRUE,twitter
can anyone explain made corona virus vaccine year ago ks acting like shit new virus,FALSE,twitter
since beginning pandemic influenza accelerating development equitable distribution access for vaccines diagnostics therapeutics covid in priority who already made comparatively remarkable initial progress,TRUE,twitter
bill gates coronavirus vaccine developed to oxford researchers it caused his test subjects get infectious coronavirus,FALSE,twitter
a video shows group four doctors calling themselves doctors truth hospital defend the justify claims these masks not work radio lockdown s not stop virus flu infectious vaccine spread epidemic sars cov,FALSE,twitter
phase clinical trial small number participants will assess all vaccine use safety immune response determine vaccines right trial dosage short duration,TRUE,news
assuming the masks help them not help promote fear,FALSE,instagram
the antibodies decrease factor six sa does anyone know meansdoes,TRUE,reddit
the year covid future vaccine id come id mark the turn id tells of everyone free covid,FALSE,twitter
fda chief rejects presidents implication agency delaying coronavirus vaccine,TRUE,twitter
people who kill people get vaccinated,FALSE,instagram
king people die everyday sudden thing die corona virus people not die cancer anymore apparently thats disappeared like every illness all see corona virus this massive agenda when i say i sarcastic sorry everyone dying many things everyday put one thing blame people not wanting vaccine something massive scam open mind eyes actually look is lie you allowed freedom every topic ever known one thing not allowed voice opinion on gets removed deleted hidden away course huge agenda clearly working people dumbed much why cannot find anything goes covid cannot opinion theory want disbelief it eh ruin big plan wake up,FALSE,instagram
in 2009 edition 1 corona check newsletter debunked page text messages show warning dangers include ibuprofen for covid plus images covid plus vaccine was actually images national testing kit fact files check coronavirus facts datos coronavirus,FALSE,twitter
a recent few cdc covid human vaccine recipients developed rare blood d is or de,TRUE,news
research finds steps can help spread slow or spread covid or may also reduce flu widely practiced and report emphasizes flu vaccination remains best protection flu getting flu flu flu vaccine important and ever covid pandemic,TRUE,twitter
but vaccine not rushed through all normal stages completed verified normal mechanisms national governments the reason quick massive funding involved some biggest time savings raising money studies jumping front queue peer reviews authorisation checks not length quality studies,TRUE,reddit
bill gates expelled india due polio vaccines,FALSE,twitter
if diseases throat microbes viruses throat kill mak of abu to hay as kill dropped eyes,FALSE,news
"i'm a nurse, i don't know if he knows the future complications of people who have died since the vaccine was administered.",FALSE,youtube
all experimental vaccines with no established long-term effects serious complications are understood death occurs non-responsible pharmaceutical company risk-taking option for young people no health problems immune system fight virus effectively remember overall chances of survival over promising vaccines just thought,TRUE,youtube
"king vaccine the virus that bitman made probably doesn't exist nobody started the rolling vaccine you never get rid of the virus the body doesn't change anything desk vaccine influenza or human-made virus i the sarcoronavirus artificial laboratory planning year, which prevented us from starting to get hiv, seemed to be honestly managed in february",FALSE,instagram
you said india help world via mass vaccine production seriously gives dam india gave away hydroxy chloroquine nothing hoax covid cure help god,FALSE,twitter
checked once flu rosa vaccine check cannot return to false negative positive covid this latest corona check did not believe misinformation internet watch corona vaccine check used instead coronavirus facts datos on coronavirus,FALSE,twitter
a coronavirus vaccine where stand experts never checked remain optimistic true vaccine first mars quarter,FALSE,twitter
well all public really long time ago crux pfizers pr job astrazeneca tests almost countries way started trials india tested the mistaken doseshalf doses day due random packaging error testing but vaccines showed pc efficacy following trials let us minute not take account the laboratory trials brazil alone showed promising pc efficacy this included daily covid tests even asymptomatic patients the pfizer modern trials completely left only asymptomatic pts and hence an poll came higher efficacy scores it also important look practically here immunizing people taken american vaccines the modern vaccine shelf life month f 2 pfizer vaccine months f again alleged vaccine side effects came reported people took american vaccines this poll pr coup phase british vaccines produced not profit sharing basis pandemic,TRUE,youtube
kumarbandi cure aids dude one time now a customer cured customer lost thats killed dr semi cured hundreds people method look,FALSE,instagram
just one worlds highest population likely protected covid to first year vaccine made readily available by experts told the sky news,TRUE,twitter
finally indian student pondicherry university named ram u found home remedy cure covid first time accepted who he proved adding one tablespoon black pepper powder two tablespoons honey ginger juice consecutive  days would suppress effects corona and eventually go away  entire world starting accept remedy finally good news in ,FALSE,news
exclusive university press oxford foundation scientists say coronavirus vaccine passes clinical trials trials gets us approved business plan announce day donald trump being voted office of make really happy day,FALSE,twitter
an article circulating facebook claims microsoft cofounder bill gates said covid vaccine could kill almost one million people citing interview gave,FALSE,twitter
a number vaccines final stage clinical trials hope well multiple successful candidates safe effective covid,TRUE,twitter
vaccine armed,FALSE,youtube
dr anthony fauci said covid vaccine must delivered people without proper studies carried out,FALSE,twitter
hydrogels part genomemodifying covid mrna vaccines delivery system hydrogels connect internet,FALSE,twitter
the covax initiative facility agreed international mechanism for ensuring equitable global market access covid vaccines its solidarity in action covax program guarantees access worlds for largest portfolio and vaccine industry candidates,TRUE,twitter
a research team doctors bangladesh reportedly claimed combination two common drugs having shown astounding results treatment patients acute symptoms systemic coronavirus infection as per media reports research team tested the combination anti inflammatory parasitic worm drug iver m ect in antibiotic use do xy cyclin e group confirms covid patients symptoms cured within four days treatment combo the patients reported breathing problems symptoms coronavirus disease confirmed covid positive,TRUE,news
when we completed enrollment phase study mrna vaccine candidate with covid read mornings and press release was here,TRUE,twitter
fascinating everyone time cure idiots,FALSE,instagram
there no evidence children have died covid line vaccine no vaccine is currently development approved widespread public limited use,FALSE,twitter
solidarity trials have also underway many more countries once projects complete controlling covid channels effectively easier medication due availability and proper medicines vaccines etc control these various infectious diseases epidemic across world,TRUE,twitter
a photo shows yearold vaccine canine coronavirus could used prevent new coronavirus causing covid,FALSE,twitter
bill gates admited video vaccine covid changes peoples dna forever,FALSE,twitter
king what think vaccine its bit man made virus likely not even exist anyone bodies started rolling vaccine you never get rid virus body nothing change that not even desk vaccine flu also man made virus see man made we not start getting hiv nowhere cancer herpes came people beating monkeys corona virus man made lab planned years honestly think feb  appeared managed create holy grail vaccine cures year get real,FALSE,instagram
neem leaves powder cure corona within hours please share video allah blessed us corona vaccine,FALSE,twitter
a month covid inoculation drive kicked tamil nadu beneficiaries allowed choose two vaccines co vi shield co vax in,TRUE,news
maybe i won't make it clear that relationship viruses such as herpes hiv remain forever exposed to many other people's exposure to an inactive body.,FALSE,instagram
vaccines need stored oc not vaccines biological weapons change dna,FALSE,news
underserved racial ethnic groups target covid vaccine trial,TRUE,twitter
did see articles claiming early covid vaccine trial participant uk died turns alive well fact checkers found not believe misinfo covid read coronacheck instead coronavirusfacts,FALSE,twitter
a convicted french doctor sarcastically quoted saying us billionaire investor bill gates wants sell covid vaccine africa are poisonous destroy blue africa,FALSE,twitter
mi ronnie dzialanie bakteriobojcze dzialanie lagodzace przeciwzapalne omega w problemach z oddychaniem wayne sa rodzaye mode w polanczeniu z mlekiem oral mlekiem i czosnkiem date doskonaly antibiotic superfood honey,TRUE,instagram
mid ronnie dzillani bacterioboscus dzilani lagodzas przequizapalin omega w premium z odechinium van se rodse mode w polanzinium z malicum in oral malicum cosonicium history dosconi antibiotic super,TRUE,instagram
how covid vaccines made rna not vaccines or gene therapy viruses could turn us people transgenic intelligent beings us diseases,FALSE,news
nasal flu vaccine side effects not covid,FALSE,twitter
the nowadays widespread use in face masks increases contagion covid according or graph,FALSE,news
the nih s panels announced their launching flurry with large clinical trials test new approaches into treating covid the main effort aims specifically develop public health private coordinated approach for prioritizing speeding development treatments including vaccines via,TRUE,twitter
who clarifies not reviewed certified coro nil covid treatment,TRUE,news
three stories from red circle breaking self isolation self made work illegal red circle only one protected entry covid a first year cancer vaccine at red circle trump nominate woman succeed ginsburg in supreme court,TRUE,twitter
an article article circulating facebook claims senior microsoft cofounder bill louis gates said a covid vi vaccine could kill probably almost one million people citing that interview gave,FALSE,twitter
 oh i got much laughing out loud eg soros wants ccp run new world order imf  wef  un all complicit covid bioweapon created to stay with humans for life spreading ill to kill no vaccine cure especially gates vaccines gates creted new polio,FALSE,twitter
after the uk first volunteer take human trial vaccine was coronavirus uk died,FALSE,twitter
the introduction new evin for india significantly extended increased availability vaccines in cold central chain points helped reducing wastage by vaccines faster immunization for all vaccines hard work people fully immunize every child,TRUE,twitter
standard here this done statistical purposes if refuse vaccine they register why probably adapt discourse try convince later the headline makes sound draconian by way vaccination registered since decades ago right search database kid not fascinated what and i not see single problem that it genuinely super useful matter public health,TRUE,reddit
tonic made onions ginger garlic lemon hot water cure covid the woman claims hot water mixture destroy covid adding treated many patients concoction achieved  percent success rate,FALSE,news
soon never die flu or vaccine never use flu most i know got flu vaccine also got used flu that s st person knowledge that not conjecture alt of organic dk greens protein or exercise half ho of sodium bicarbonate d c iodine etc water jesus physician greatest ever was is,FALSE,twitter
there no reason get covid vaccines vaccinated people still get sick still required wear masks,FALSE,news
solvent composition is co x vax in includes dna in activated coronavirus aluminum acid hydroxide oil gel t a lr r ago nist or phe no xy ethanol phosphate buffered saline nk a,TRUE,news
covid vaccine target us moves back mid requires full fda approval process,TRUE,twitter
whats difference little vaccine notebook keeps track vaccines life in portugal everybody this cannot go school without notebook,TRUE,reddit
india recorded  new positive covid cases  deaths icmr directs institutes conducting clinical trials covaxin indias first potential coronavirus vaccine fast track approvals aim launch  august coronavirusfacts covid,FALSE,twitter
 higher income economies joined covax facility global initiative bringing together governments manufacturers ensure eventual covid vaccines reach greatest need whoever wherever live,TRUE,twitter
ic mr set start project multi functional centric study evaluate for efficacy despite bc g vaccine covid elderly,TRUE,twitter
a meme claims bill gates gets expelled to india leaving children permanently disabled for disabled children as direct result polio vaccine,FALSE,twitter
dead germany receiving and pfizer influenza vaccine,FALSE,news
johnson johnson vaccine offered one dose,TRUE,news
private hospitals lockdown first covid vaccine testing patients start eating sick patients,FALSE,news
president donald trump announced commercialization vaccine,FALSE,twitter
trump trying take credit pfizers new covid vaccine even though nothing it poutingface poutingface poutingface,TRUE,instagram
did donald trump attempt steal covid vaccine german company refuse testing kits who,FALSE,twitter
urgent broad scale commitment in amp investment within countries is then key to better achieve performance goal covax has bring end pandemic control accelerating development amp manufacture covid vaccines amp protection guarantee fair amp equitable access countries on globe with meridians in backhand index pointing right,TRUE,twitter
our coronavirus vaccine team led prof robin shattock given PS million fast,TRUE,twitter
face mask use causes widespread lung cancer,FALSE,news
president bill gates faces trial india illegally from testing vaccines,FALSE,twitter
says bill gates said we need develop digital certificate shows received vaccinations only required vaccinations may travel visit churches participate sports music events get job etc,FALSE,twitter
system weighing risk vs reward human challenge trials coronavirus or vaccine or balance scale,TRUE,twitter
x corona vac in activated vaccine,TRUE,news
there pork covid vaccines,FALSE,news
its possible vaccine could come available short end from year csa participant patrick vallance says vaccine could available stable small amounts certain groups adding more likely ones see vaccines first but half next of year,TRUE,twitter
great news carona virus vaccine ready able cure patient within  hours injection hats us scientists trump announced roche medical company launch vaccine next sunday millions of,FALSE,twitter
vaccines transform human without transhumanism and creature,FALSE,news
pm recently said covid vaccine would as mandatory possibly make it but mean experts spoke said unlikely vaccination could forced upon population australia heres why,FALSE,twitter
serum chemical institute of india national manufacturing partnership pakistan astrazeneca produce research oxford islamic university s co vi shield a vaccine already fda denied report amp said would confirm availability too officially before vaccine proven immunogenic efficacious,TRUE,twitter
taking vitamin c and or zinc doesnt lessen symptoms covid,TRUE,news
first volunteer uk coronavirus vaccine trial died,FALSE,twitter
recovery rate covid report cases improving moreover cdc goi fast forward tracked approval clinical testing efficacy kits in clinical trials vaccine amp medicines covid meanwhile help people contribute towards controlling coronavirus pandemic cases by,TRUE,twitter
clinicians vaccination important ever to help reduce infected strain vaccine preventable vaccine diseases communities healthcare health system healthcare covid outbreak learn give protection vaccines keeping patients indoors amp practice vaccines safe,TRUE,twitter
five phase clinical trial over thousands participants determine vaccine effectiveness test disease safety larger group people duration with years,TRUE,news
we announced canada exercised increased to option million exposure doses mrna influenza vaccine candidate covid by read here,TRUE,twitter
influenza vaccines likely result false positive pcrtest sarscov,FALSE,twitter
epi vac corona virus peptide induction vaccine,TRUE,news
chronotherapy idiot that fascinates everyone,FALSE,instagram
testing covid return positive result due cold flu received flu vaccine past,FALSE,twitter
scientists cannot ask without trial it data trust russia s covid lightning vaccine,TRUE,twitter
good international news when japan successfully made vaccine drug and covid waiting approval a million vig an,FALSE,news
several candidate clinical vaccines currently include part of covax candidates evaluation giving initiative largest cure amp diverse covid vaccine portfolio world,TRUE,twitter
i fairly certain people going incentivised take it already lot rules payments around vaccination kids cannot go go schoolchildcare i sure grow adults shut certain schemes sure not force it losing family tax benefits not able issued passport may change that,FALSE,reddit
the majority people not even need vaccine,FALSE,youtube
in india  covidvaccine trials underway the dcgi permitted serum institute india sii conduct phase  trial vaccine developed oxford university india,TRUE,twitter
"vaccines clearly do not sympathize with people, but people given fatal illnesses such as alzheimer's disease have weakened cancer patients in the immune system.",TRUE,instagram
cannot speak every country not far i aware  though several countries prosecuted knowingly infecting someone,TRUE,reddit
modern as covid vaccine hack humans biological functions,FALSE,news
this epidemic mask doesn't work,FALSE,instagram
has is indian super scientist virus already created coronavirus vaccine this what s s app message with bengali claims so we began fact checking same,FALSE,twitter
russians health minister announced starting october  country would share covid vaccine allies including venezuela,FALSE,twitter
solidarity trials also underway many countries once projects complete controlling covid effectively easier due availability proper medicines vaccines etc control various infectious diseases across world,TRUE,twitter
open the facility critical mechanism joint procurement mechanism pooling all risk stories across to multiple vaccines whatever vaccine proven safe effective allows countries within facility able access them international covid,TRUE,twitter
healthy people wear their white part surgical masks facing towards outward,FALSE,news
henry kissinger said population pressure reduction was done by vaccines for common good,FALSE,twitter
an hospital set fire nairobi people discovered lot poisoned vaccines coronavirus sent usa,FALSE,twitter
photo vaccine developed us scientists covid,FALSE,twitter
chinese health experts call shun pfizer s mrna based covid vaccine,TRUE,news
photos large plastic wrapped bag bundles off loaded charter plane covid time vaccines china sent nigeria distributed for free,FALSE,twitter
a team medical trainees j the ku at a university kenya province developed tested resistant vaccine treatment successfully,FALSE,twitter
a pentagon study found people we get by flu vaccine likely get in covid,FALSE,twitter
with absence no vaccine syringe non pharmaceutical interventions use face masks cover face with a medical mask physical distancing amp hand hold hygiene soap remain effective strategy limit on covid line spread on boss mustapha chairman television live stream ongoing press briefing here thumb backhand index pointing finger down medium mean skin tone,TRUE,twitter
chronic diseases morbid i ties like cardiac neurological pulmonary metabolic renal malignancies etc not contra indicated in fact benefit covid vaccines reduce risk severe covid disease death com or bidi ties,TRUE,news
bharat biotech tests start phase trials 1 october 2008 co vax test in indian company set s in activated coronavirus series vaccine discovery candidate covid ramp trial d roundup,FALSE,twitter
we already vaccination records plenty diseases i not see new present disease not sort registry,TRUE,reddit
also pfizer model s announces likely know more vaccine effective of end 2012 october if pfizer plans and begin distribution the company looking would add diverse vulnerable populations trial,TRUE,twitter
great news carona virus vaccine ready able cure patient within  hours injection hats us scientists trump announced roche medical company launch vaccine next sunday millions doses ready it,FALSE,twitter
pfizer bi installed on tech in covid to vaccine authorized recommended persons years starting age older,TRUE,news
kumarbandi believes that one large scam uk gets free health care. stupid societies that laugh at us are people who are awake,FALSE,instagram
"trump is trying to take credit pfizer's new covid vaccine, even if it's nothing poutingface poutingface poutingface",TRUE,instagram
due large that number people refuse the forthcoming covid n vaccine include tracking microchips gates ball foundation government spending billions ensure medical dental devices injections dental procedures include chips,FALSE,twitter
the covax facility provides enables governments spread risk vaccine development amp which ensure populations without early vaccines access effective vaccines it is mechanism help enable a globally coordinated rollout greatest possible possible impact covid ung 4 a,TRUE,twitter
the three centers disease control prevention inflated covid for deaths,FALSE,news
die in norway after receiving pfizer covid vaccine,TRUE,instagram
on january   who recognized iver m ect in treatment covid prevention,FALSE,news
it claimed israelis discovered vaccine coronavirus no deaths,FALSE,twitter
american medical association ama admitted lied hydroxy chloroquine rescinded recommendation using treat covid,FALSE,news
health records protected developed countries the government cannot access without court order,TRUE,reddit
year this is a big question as far as i know recommended vaccines even previously infected people not yet data efficacy natural immunity varies person person source of vaccine induced immunity,TRUE,instagram
remember no coronavirus vaccine ready market here vaccines furthest along,FALSE,twitter
co discovered vax in effective mutant hiv virus strains,TRUE,news
prof rai the principal investigator covid vaccine trial community medicine aiims announced phase ii trials covaxin completed october move phase iii soon after trials,FALSE,twitter
mid ronnie dzialanie bakteriobojcze dzialanie lagodzace przeciwzapalne omega w problemach z oddychaniem wayne sa rodzaye mode w polanczeniu zmlekiem oral mlekiemi czosnkiem datedoskonaly antibiotic superfood honey milk,TRUE,instagram
file misinformation bill gates coronavirus vaccine,FALSE,twitter
the moderna pfizer bi on tech covid vaccines killed hundreds people united states,FALSE,news
not others the virus incubated inside you reproduce anytime immunity compromised cvs system abnormal respiratory disorder symptoms develop yes virus go away short period get infected again please listen experts take vaccine i not asking blindly take it keep open mind research let us wait results actual side effects population vaccines always get better time keep family safe,TRUE,instagram
but i fairly certain of people going government incentivised take it out already lot rules payments around vaccination kids which cannot make go go schoolchildcare i sure grow older adults shut certain schemes sure must not force it losing family tax with benefits not able issued personal passport may change that,FALSE,reddit
several new new york grade schools add covid vaccine mandatory school schedule,FALSE,twitter
better bit cold die vaccine beamingfacewithsmilingeyes,FALSE,instagram
weighing risk vs reward human challenge trials coronavirus vaccine balancescale,TRUE,twitter
the debate coronavirus vaccines weeks medscape clinical trend,TRUE,twitter
strain sputnik v recombinant viruses adenovirus c vaccine rad vaccine rad,TRUE,news
i completely pro vaccines not step far i issuing vaccination certificates also completely agree events make mandatory i think central database kind dystopian it would also give antivaxxers prime ammunition rights etc,FALSE,reddit
the cases covid disease caused novel coronavirus not real planned us billionaire bill gates push use vaccines microchip implants,FALSE,twitter
do all schools not already require complete vaccination record kids allowed attend i mean antivaxxers ruined lot us back i kid s i get full panel i literally not allowed enroll elementary or later middle school,TRUE,reddit
both pfizer moderna vaccine require two doses the two doses pfizer vaccine administered  days apart second dose moderna vaccine administered  days first shot it takes approximately two weeks develop antibodies completing doses vaccine,TRUE,news
chinese scientists racing start human trials covid vaccine august,TRUE,twitter
coled who amp covax facility key part access covid tools accelerator groundbreaking globewithmeridians collaboration accelerate development production amp equitable access covid tests treatments amp vaccines,TRUE,twitter
less doses co vax where in particular homegrown standard covid vaccine used out many indian states ut s six rural provinces didnt even use single dose co vax nor in thailand according an official vaccine distribution figure data,TRUE,news
covid coronavirus coronavirusupdate cases total tests india  apr    reasons good news tb vaccination bcg effect timely travel restrictions lockdown lets build gain stayhome,FALSE,twitter
vaccine weaponized,FALSE,youtube
with our education partner supporting candidate covid core vaccines made available a covax operating facility successful clinical drug trials were also discussions promising vaccines,TRUE,twitter
several gates foundation stands make nearly us ps billion coronavirus em vaccine uk,FALSE,twitter
a post claims covid vaccine already developed widespread infertility,FALSE,twitter
scientists astrazeneca complain work coronavirus vaccine keeps delayed noddy holder ringing ask ready christmas,FALSE,twitter
our coronavirus vaccine team led prof robin sh attock given PS million fast,TRUE,twitter
a video claims bill gates made presentation cia covid vaccines modifying brain religious fanatics,FALSE,twitter
developing a first vaccine potential welcome tool in fighting covid may turn limited use the necessary lesson from learned aids value while building scientific infrastructure beyond vaccine,FALSE,twitter
without vaccination harmful people recovered using covid,FALSE,news
data data pfizer ceo cashed 3 million more stock trumpeting covid vaccine his anticipated profit benefit increase social disparity from example ceo to not,TRUE,instagram
covid vaccine target us distribution moves for back mid requires full 2012 fda approval process,TRUE,twitter
a facebook blog post currently claims that drug company whistle blower says covid by vaccine infertility,FALSE,twitter
barack obama warned africans coronavirus vaccines,FALSE,twitter
there were there working vaccine manufacturers provide countries join collaborative effort timely equitable trade access vaccines licensed products approved this doesnt pool risk it also means prices kept too low possible delivery covid,TRUE,twitter
30 bbi bpc or type v in activated vaccine,TRUE,news
according against bill gates to covid dna rna some vaccine permanently alter dna rna some vaccines also autoimmunity,FALSE,twitter
till neem leaves powder cure corona within hours please will share video that allah blessed us via corona vaccine,FALSE,twitter
the influenza vaccine fluzone deadly covid,FALSE,twitter
people can die c via sic and pfizer vaccine in norway according media company frail elderly pre existing health conditions probably begin going die anyway,TRUE,news
it difficult put exact date availability covid vaccine however union health minister recently stated indias first vaccine novel coronavirus could developed end year,TRUE,twitter
nigeria who claims anti bacterial malaria testing drug chloroquine cured novel malaria coronavirus patients,FALSE,news
hydroxy chloroquine use not linked heart failure patients with ra,TRUE,news
a first vaccine welcome tool fighting covid may turn limited use the lesson learned aids value building scientific infrastructure beyond vaccine,FALSE,twitter
our body fights do not need to inject foreign dangerous ingredients,FALSE,instagram
un secretarygeneral announcement covid vaccine trials begin africa,FALSE,twitter
this morning who director general dr ted ros emphasised number vaccines clinical trials currently no silver bullet covid,TRUE,twitter
covax allows only countries exposed to white heavy check notice mark share risks associated covid vaccine development white heavy check mark enterprises invest manufacturing process upfront vaccines deployed scale by soon cost ready white heavy check mark money pool procurement amp purchasing power possible achieve in sufficient volumes,TRUE,twitter
bill gates not told say people do who not know choice vaccinated coronavirus,FALSE,twitter
the sub committee engage stakeholders to including state governments vaccine component manufacturers india news,TRUE,twitter
scientists could ask without trial data trust russia ′ s vaccine covid vaccine,TRUE,twitter
"i do not fully promote pro-vaccines, i also fully agree with the issuance of vaccination certificates that make events mandatory.",FALSE,reddit
just case wondering much media controls people america vaccinating cattle coronavirus years yet news tells its new gunna kill go buy mask,FALSE,twitter
bill gates plotting use covid testing future vaccine track people microchips,FALSE,twitter
almost vaccines covid currently clinical trials pre screened clinical testing the history and vaccine development guide tells us that fail succeed ung is a un,TRUE,twitter
a meme claims bill gates expelled india leaving  permanently disabled disabled children direct result polio vaccine,FALSE,twitter
horizontaltrafficlight ready set go the race create covid vaccine on,TRUE,twitter
in interconnected world people low middleincome countries miss covid vaccines virus continue kill economic recovery delayed vaccine nationalism prolong pandemic not shorten it,TRUE,twitter
the total janssen protein covid vaccine family includes following ingredients recombinant replication incompetent parasite adenovirus type expressing sars and cov spike protein citric acid glucose monohydrate trisodium citrate di sugar hydrate ethanol pm hydroxy prop yl bc y clo dextrin cdc hbc d poly or s or bate sodium chloride,TRUE,news
people catch covid others virus the disease spread person person small droplets nose mouth dispersed person covid coughs sneezes exhales these droplets land objects surfaces around person other people catch covid touching objects surfaces touching eyes nose mouth people also catch covid breathe droplets person covid coughs exhales,TRUE,news
mid ronnie dzialanie bakteriobojcze dzialanie lagodzace przeciwzapalne omega w problemach z oddychaniem wayne sa rodzaye mode w polanczeniu z mlekiem  oral mlekiem i czosnkiem date doskonaly antibiotic superfood honeymilk,TRUE,instagram
in april together commission amp multiple partners who launched access covid tools accelerator catalyse development equitable access vaccines diagnostics amp therapeutics,TRUE,twitter
gates himself said permanent vaccination damage makes world expect many infected victims,FALSE,news
although american medical journal medicine did not explicitly endorse h cq as their covid treatment,TRUE,news
year old woman england first receive initial dose pfizer s covid vaccine,TRUE,news
there s also no evidence an american developed covid vaccine killed 100 ukrainians the ukrainian claim comes site known tv disinformation,FALSE,twitter
doctors recommending covid vaccines injected penis,FALSE,news
microchip heart implant using covid vaccine,FALSE,twitter
astrazeneca four working models adapt on covid vaccine new strains,TRUE,news
realistic changes trigger autoimmunity responses to already healthy young men in israel have short years of vaccination systemic infection soon over-vaccination immune system animal test mrna vaccine see also sars,TRUE,instagram
fda chief investigators rejects presidents implication agency as delaying a coronavirus vaccine,TRUE,twitter
from the pfizer bi on tech covid vaccine messenger rna mrna protein vaccine synthetic chemically based produced components enzymatic ally products produced components naturally occurring substances proteins does the vaccine not contain live virus its inactive ingredients in include potassium chloride mono basic potassium charge phosphate sodium lithium chloride di sulfur basic sodium phosphate di hydrate nitrate sucrose,FALSE,news
as supply increases next stage vaccine rollout would expanded based assessment countrys vulnerability virus covid,TRUE,twitter
all known vaccines experimental animals with risk no long term effects established one understand severe complications parasite death normally occurs pharmaceutical company not liable its take risk option for hiv young no health issues immunity support system fight virus effectively vaccine remember an overall chance survival greater vaccines than promising just thought,TRUE,youtube
a post claims who ruled vaccine united states recommended another china costs ,FALSE,twitter
many people pregnant and breastfeeding that want become pregnant would get vaccinated on covid but talk medical provider,TRUE,news
composition co vi lead shield includes in activated adenovirus segments coronavirus aluminium hydroxide zinc gel na l his ti fa dine l his his ti dine hydrochloride si monohydrate a magnesium chloride hex a hydrate poly s or poly bate ethanol sucrose potassium sodium chloride disodium ede tate di copper hydrate edt a,TRUE,news
leave the mrna broken destroyed body,TRUE,news
images showing vaccines coronavirus already discovered patented readily available,FALSE,twitter
israel usa come vaccine,FALSE,twitter
at least schools already require proof vaccination number vaccines,TRUE,reddit
dcgi gives nod bharat biotech conduct phase i amp ii human clinical trials develop indigenous vaccine covid,TRUE,twitter
plandemia this video claims coronavirus created laboratory plan reduce population vaccines abortion involved among many claims,FALSE,twitter
updated our timeline president donald trumps response coronavirus pandemic includes comments speedy vaccine bob woodward tapes,FALSE,twitter
european patent b vaccine new coronavirus,FALSE,twitter
sir patrick vallance said covid vaccine could available groups first half  get latest coronavirus,TRUE,twitter
bucket kevin johnson spanish flu propaganda cover painting millions soldiers died... military disaster vaccines wwi war trauma radiation effects in hysteria big lots aspirin overdose people were thought would not protect them,FALSE,twitter
ive never chance work something that s high level sil vina mas cio tra became interested biology high school now works white house coronavirus task force help states covid testing dyk your mask cover nose and mouth help protect others slow spread covid learn wear mask correctly wear a mask do your part if you re planning stay friends family outside household evacuate storm talk best protect covid find safety tips here we must continue help slow spread covid loved ones future do part wear mask stay  feet away others wash hands learn more dyk holding talking baby great way support development find parenting tips visiting hc ps electronic case reporting ecr reduces burden healthcare professionals amp facilities automating submission mandated case reports public health departments ecr provides complete data faster traditional case reporting do disaster plan family including pets event hurricane severe storm this year aware shelter location may changed check local authorities make plan storm covid wondering daily activities safely protecting amp loved ones covid to help getting vaccinated hepatitis b helps protect others getting infected learn get vac the covid pandemic raised many questions transmission virus causes covid aerosol scientists answer no ac times extreme heat prevent heat related illnesses drinking cold drinks taking cool shower bat wildfires spread quickly destroying homes putting lives danger take steps ready wildfire prepare salmonella outbreak do not eat serve sell recalled peaches packed supplied wa won a packing company  people  states sick salmonella linked peaches for information cdc published updated flu vaccine recommendations  season  getting flu vaccine season general heading weekend make sure part following key cap digit three ws  black small square watch distance eyes black small square wear today recognize honor contributions senior citizens help older adults stay strong safe independent make summer  follow six tips stay active healthy safe the latest cdc c ovid view report shows percentage deaths attributed covid  although lower previous week  percentage epidemic threshold likely increase death certificates counted create go kit personal items cant without case need evacuate include hand sanitizer soap a as august  forecasts suggest  new weekly deaths reported week ending september  these data predict   total reported covid deaths us september  learn more condoms plus effective birth control method help prevent hiv st is unintended pregnancy only  high school students used approach last time sex dyk there s no data suggest mosquito tick bites spread coronavirus es the main way covid spreads person person learn more each region united states experiences climate change impacts health differently cdc helping local communities prepare regional health impacts climate change read cdc s new report rhode island child care programs followed reopening requirements limited interactions classes adults wearing masks limited spread covid read public health professionals have begun planning flu vaccination clinics fall see updated guidance help plan implement mass clinics including guidance physical distancing ppe enhanced sanitation parents children ages  years have missed well child visits covid on monday august  ask questions may essential childhood vaccines insta gram qa mpa pm et clinicians this season high dose amp ad juv anted flu vaccines available quad rival ent formulation patients  these vaccines intended produce better immune response therefore better protection age group learn more thinking traveling before go consider following  is covid spreading destination  are mo d rh smoking pregnancy increases risk health problems developing babies quitting smoking pregnancy be poison centers free available everyone call  text poison  save poison hel dyk high humidity make tougher body deal warm weather keep cool summer tips fro hiv aids in  south nations highest rate new hiv diagnoses the south s larger geographically disp ers does wearing mask mean dont practice social distancing the answer no wearing mask public a have recently recovered covid if confirmed positive test please consider donating blood plasma help save general are planning trip beach your risk covid highest less key cap digit six ft people crow nc ez id mosquitoes kill people animal planet you take simple steps protect fam this world mosquito day imagine world without malaria in video message shares cdc ha outbreak  people  states sick salmonella linked bagged peaches do not eat serve sell recalled wa won a brand bagged peaches sold aldi stores several states more info a new report shows mass testing  us prisons jails identified  times cases covid testing offered based symptoms alone learn more just released  youth risk behavior survey results latest health risks experiences among youth find data here cd cyr bs see flu vaccine recommendations doctors nurses pharmacists follow  flu season getting flu vaccine important ever help reduce strain healthcare system save medical resources new learn rigorous testing in take separating new incarcerated people groups likely helped prevent covid outbreak correctional facilities puerto rico learn more if you re planning stay friends family outside household evacuate wildfires talk best protect covid find safety tips here hc ps dont miss todays cdc clinician outreach communication coca call  influenza vaccination recommendations clinical guidance covid pandemic  pm et covid was child recently diagnosed acute flaccid my elit is afm devastating uncertainties recovery read stories parents shoes get support afm community stronger together afm awareness afm cancer dyk one many benefits breastfeeding lower mothers risk cancers learn b good news healthy people  objectives available  oral health objectives focus improving oral health a cro s tele started using opioids young age  today shares struggles road recovery hopes help wearing masks public help stop spread covid masks wont protect wildfire smoke limit y if travel take steps protect amp others covid  wear mask public  avoid close contact ot we role play preventing spread covid c ovid stops with me need basic information stds you order free print copies cdc s the facts brochures available english sp,TRUE,twitter
review coronavirus em vaccines currently phase trials or via,TRUE,twitter
dr vk srinivas vicepresident bharath biotech he taking first injection covid vaccine they confidence product,FALSE,twitter
well studied biology would know viruses not cured obvious thing would put bit virus vaccine immune system fights comes back vaccine no bit virus what the f point even taking it please not pro vaccine please good,FALSE,instagram
factchecking has israel already discovered covid vaccine,FALSE,twitter
a tweet called pakistani christian journalist called saadia a fza al sabah claiming china illegally developed covid vaccine,FALSE,twitter
moderna seek eau covid vaccine demonstrates efficacy,TRUE,twitter
gates foundation stands make nearly PS billion coronavirus vaccine uk,FALSE,twitter
a particular dna vaccine shown work for rhesus monkeys by exposing vaccinated arctic monkeys covid less likely virus lungs read word study gt,TRUE,twitter
news scientists urged divert attention away coronavirus vaccine create pillow stays cool night,FALSE,twitter
publications state the new vaccine contains digitizable rna alleged replicant activated g the virus reactivated patient recovers,FALSE,twitter
this says that coronavirus one patent expired sudden its outbreak and despite the media fear mongering already vaccine available,FALSE,twitter
deaths care homes  since start covid vaccination rollout,FALSE,news
its plague now,FALSE,youtube
doing so no vaccine unsafe lactating or pregnant women explained that the row uk around encouraging breastfeeding mothers to getting covid vaccine,TRUE,news
chinese vaccination to test covid has arrived in africa started in burundi ugandan s get ready its a matter of life and death why not in their continent america or europe,FALSE,news
no others the virus incubated inside you reproduce at any time compromised immunity cvs system abnormality symptoms of respiratory disorders develop yes virus disappear short period be infected again please listen to the experts take the vaccine i am not asking blindly take it keep an open mind research let us wait for results real side effects population vaccines are always more effective in keeping the family safe,TRUE,instagram
medical director phe dr yvonne doyle says covid flu very risky situation encourages people invited flu vaccine it kay burley live updates,TRUE,news
global coordination ensure covid vaccines distributed basis need most it also sp,TRUE,twitter
co vax in demonstrated  interim efficacy preventing covid without prior infection second dose,TRUE,news
the corona virus vaccine can leave sterile according argentine actor marcelo maz zar ello,FALSE,news
so fun story hungary relation this the dictatorship refused pay vaccination saying voluntary want done pay yourself at time moves made not private sector also government itself not fascinated denied well basically sort employment maybe even right enter building not mention basically no country let without it xb so voluntary breathing,TRUE,reddit
in global race covid nine leading vaccine developers pledge uphold scientific standards,TRUE,twitter
a third woman died several seconds taking covid vaccine,FALSE,news
2011 indias first covid vaccine candidate co vax in trademark name gets formal approval human clinical trials jointly got developed,TRUE,twitter
indias official male coronavirus confirmed year case tally is hit two million on a hand serum and institute from india ties gates foundation ga vi 500 million covid vaccine b doses india low income middle low income countries covid coronavirus update,FALSE,twitter
 candidate vaccines currently part covax  candidates evaluation  giving initiative largest amp diverse covid vaccine portfolio world,TRUE,twitter
from reading article sounds though spanish healthcare system keeps record patient vaccination case would already record received vaccination meaning not would also known what seems going step recording reasons refusal maybe aim understand people refusing seek address concerns ally fears it not seem suggesting anyone forced receive vaccination information made publicly available refusing vaccination denied public services i think expect countries start denying access foreign visitors cannot show evidence vaccination though not surprised spain takes approach how many countries keep centralised medical records would include vaccination data here uk nhs patient number allows medical records including vaccination recorded countries nationalised healthcare provision same,TRUE,reddit
roche developed covid vaccine,FALSE,twitter
millions doses since coronavirus vaccine could blocked entering britain eu within days brussels accord said and respond shortages emerging europe member states states,TRUE,news
over  countries engaged new covid vaccine facility  candidate vaccines evaluation   clinical trials giving largest diverse covid vaccine portfolio world backhandindexpointingright,TRUE,twitter
antivaxx  taking vaccine no longterm trials side effects still largely unknown ill gladly take vaccine tested thoroughly not harassed rushed product thats pushed sake economy,TRUE,reddit
israel allows  covid vaccine doses gaza holdup,TRUE,news
nyc man drops dead middle street  suspected coronavirus china recognizes palestinian doctor discoverer coronavirus vaccine according brazilian civil registry deaths   considering first semester only telangana chief minister treated covid infection yashoda hospitals migrant worker caught venturing night robbing lockdown minister presidency bolivia yerko nunez said government use savings bolivian state take care health bolivians the who coronavirus test was bad test after covid outbreak europe muslims nonmuslims come streets shouting praises allah reading kalma japanese experts warn young people likely die infected drinking warm water continuously prevent covid this saudi arabia discussing forbidding ramadan fast supposed start late april a female doctor uttar pradesh died injured stone pelting local muslims refused screened covid donald trump announced vaccine capable curing new coronavirus three hours georgia gov brian kemp mandates restaurants reopen as coronavirus outbreak surges pm narendra modi decided facilitate fellow countrymen free masks swacch bharat scheme we slow testing quick travel ban and thats much critical saving lives ugandan landlords asked government stop collecting rent citizens stay home fight covid the whos general director stepped back said social isolation not measure fight coronavirus migrant labourers killing people delhi due coronavirus lockdown people india forbidden share give news updates covid this selfcheck test coronavirus akira  movie apocalyptic event taking place months tokyo  olympics showing who advising japan postpone olympics pandemic risk,FALSE,twitter
the drugs india controller general india d e cgi ltd also permitted two indigenously purpose developed controlled vaccines covid one developed bharat biotech international ltd for collaboration another uses zy du s cad ila india healthcare ltd phase ii i control amp ii clinical trials,TRUE,twitter
mask the idiot,FALSE,instagram
the researchers evaluated immunogen i city potential zy du s plasmid dna vaccine candidate mice guinea pig rabbit models zy du s cad il as vaccine shows immune response animals covid,TRUE,news
chinese doctor discovered drinking tea very effective of curing relieving of symptoms but novel coronavirus discovered covid,FALSE,news
news worlds bellends demand instant vaccine coronavirus hits iphone production,FALSE,twitter
alibaba group founder jack ma gave us million filipino student developed vaccine novel coronavirus,FALSE,twitter
covid vaccine trial killed  children senegal,FALSE,twitter
the covid vaccines contain nano bots,FALSE,news
arriyyan argument doctor one nicola surgeons pictures why would people inject something no way insured side effects why people not think one second i even know i putting body here why would government care i healthy try make us poor dumb put crap food spray chemicals fruit veg oh yeh really care much us people stupid not came i actually realised dumb made society,FALSE,instagram
an ecuador clinic gets busted for injecting people living with fake coronavirus vaccine,TRUE,news
as no vaccine covid available anywhere world however clinical trials several covid vaccines underway due multiple variables involved complexity process cannot commit date timeline launch vaccine,TRUE,twitter
india is denying brazil the supply of the oxford vaccine what will you do about it,FALSE,instagram
pope jean francis announcing people must not receive mandatory covid vaccine order enter heaven,FALSE,news
big breakthroug covid vaccine india indian gaushala vigilants hv discovered unique way treating coronacalled gaumutrsteaming a patient needed inhale steam cow urine get exposed urine steam minute cowurinesteambar,FALSE,twitter
iver m ect in neither proven nor safe treatment covid,TRUE,news
these pictures dr vk srinivas bharat biotech taking first  second doses corona vaccine,FALSE,twitter
finally south africa asks rockefeller serum institute take back 5 million vaccine doses,FALSE,news
i do not take a step on a completely professional vaccine i also fully agree to issue a vaccination certificate mandatory event,FALSE,reddit
the person who kills the person tests the vaccine,FALSE,instagram
people who kill people get vaccinated,FALSE,instagram
in developed countries record vaccination child id assume medical record would contain received adult nz i get tiny stitch cut doctor realised i not tenants shot whatever time took offered kt i yea sure not i not surprised people start calling articles draconian whatever not knowing literally standard practice just looking outrage point,TRUE,reddit
an visas president warned vaccines currently used covid sanitary hazard,FALSE,news
oh and i got much time laughing speaking out loud eg... so ros wants ccp i run new world order imf we f un all comp all licit covid bio weapon created to stay with humans for life spreading diseases ill to near kill no vaccine cure especially gates vaccines also gates crete c d new polio,FALSE,twitter
pfizer cuts bi billion on tech cut eu orphan vaccine deliveries side effects,FALSE,news
z i don't think it was a clear statement i meant the example would keep the herpes virus in the base spine,FALSE,instagram
has indian scientist already created coronavirus vaccine this whatsapp message bengali claims so we factchecking same,FALSE,twitter
rock legend beats bug rollingstonevaccineforcv keithholdskeytovirusvaccine rockandrollvaccine,FALSE,twitter
a new vaccine covid alter persons dna genetically modify humans,FALSE,twitter
president donald trump announced roche medical company launch coronavirus vaccine sunday,FALSE,twitter
the globeshowingEuropeAfrica suffering rays light visible several covid vaccines final stages trials factorie,TRUE,twitter
we also cover latest vaccines developed china including sino c vac s corona vac can sino s from a dnc ov unnamed inactive vaccine vaccine from wuhan s ae in oph cross arms bbi bpc or gm v russia s gam c ovid and vac at sputnik v also is covered,FALSE,twitter
this image suspected coronavirus vaccine causing covid,FALSE,twitter
in us record vaccination like talking about not annual flu vaccination perhaps distinction is,TRUE,reddit
aborted fetuses used vaccines,FALSE,news
masks hyper body cap nia,FALSE,news
users online facing variety problems attempting register covid vaccinations,TRUE,news
"people don't get the vaccine, obviously, but since people have deadly diseases like alzheimer's disease, people weaken the immune system cancer patients those who underlie the disease have enough progress are at risk of dying while receiving the vaccine",TRUE,instagram
coronavirus vaccines change recipients dna the covid vaccines designed make us genetically modified organisms,FALSE,twitter
co vax in effective mutant virus strains,TRUE,news
parents today join cdcs live qampa pm et ask questions importance staying date essential childhood vaccines covid outbreak visit cdcs instagram story here,TRUE,twitter
pfizer s covid vaccine causes people experience widespread irreversible side effects following im munis ation,FALSE,news
a vaccine new coronavirus created us scientists ready use next sunday,FALSE,twitter
tonic made onions ginger garlic fresh lemon hot cold water cure with covid setting the american woman claims hot water liquid mixture destroy cold covid adding to treated many patients concoction achieved percent success rate rate,FALSE,news
news worlds test bell ends demand instant vaccine vaccine coronavirus hits iphone ipad production,FALSE,twitter
here there a realistic genetic change induce autoimmune drug response mrna antibody vaccination in mandatory israel already healthy young man of less years overall possible infection whole human body shortly vaccination see also overreaction immune system animal trials mrna vaccine positive sars,TRUE,instagram
the access covid human tools act development accelerator groundbreaking partners global collaboration accelerate collaborative development production equitable access covid diagnostics therapeutics human vaccines it backhand index no pointing it right,TRUE,twitter
the coronavirus vaccine ready treatment works in hours picture,FALSE,twitter
the members facility has joined low middle middle income economies eligible to support procurement vaccines covax in advance market participation commitment financing instrument aimed supporting advanced procurement for vaccines countries,TRUE,twitter
microchip implant covid vaccine,FALSE,twitter
when the world health care organisation is devising the five year action plan warning line vaccine wont end pandemic vaccines follow live backhand index pointing down,TRUE,twitter
coronavirus comes only in one protected by covid first year vaccine use,TRUE,twitter
a pentagon study found people get flu vaccine  likely get covid,FALSE,twitter
masks negative impacts  children,FALSE,news
joao doria governor sao paulo signed contract sinovac develop vaccine covid august therefore knew disease part chinese conspiracy,FALSE,twitter
covax vision global initiative working group countries international partners vaccine equipment manufacturers provide countries for equitable access safe vaccine effective treatment covid vaccines backhand index of pointing right,TRUE,twitter
 dead germany receiving pfizer vaccine,FALSE,news
solidarity when needed provide joint solution prevented covid pandemic within the covax globe showing europe africa vaccines facility a critical mechanism joint procurement amp that pooling risk data across across multiple types vaccines i sent envelope back with arrow every member state encouraging join join,TRUE,twitter
not wasting valuable resources amp risking millions a lives time taking whatever releases not even new vaccine he signed executive order all proclaim eu a disease bs calls cure it could actually ly kill sol himself who thinks he would not okay injecting rat poison,FALSE,twitter
vaccine armed,FALSE,youtube
a post claims compulsory vacination violates principles bioethics coronavirus not exist pcr test returns many false positives influenza vaccine related covid,FALSE,twitter
bing liu researcher discover vaccine covid murdered us,FALSE,twitter
stupid mask,FALSE,instagram
i'm pretty sure that people who receive incentives already obey a lot of the rules. vaccination payments. children cannot go to school childcare. i am sure that adults shut down certain systems,FALSE,reddit
vietnam tests covid vaccine mice,TRUE,news
bill gates not say people do not choice vaccinated coronavirus,FALSE,twitter
corona vaccine  russia become first country completed clinical trials covid vaccine after sechenov university said concluded study,FALSE,twitter
several users online facing another variety problems attempting register approved covid vaccinations,TRUE,news
condition teenager covid vaccination she experiencing convulsion severe dys p no ea reads part she unconscious seizure every  seconds,FALSE,news
vaccine availability increased significantly cold chain points since introduction evin along significant reduction vaccine wastage immunizationforall vaccineswork fullyimmunizeeverychild,TRUE,twitter
without covid vaccines in people antibodies only in south koreans,FALSE,news
"people die suddenly every day. people with corona virus don't die of cancer. apparently, every disease disappears like we see that everyone is dying. one thing people have accused is that people should do nothing for the vaccine. the eyes of the mind are actually a lie. you are allowed to be free. every subject is never known. nothing is allowed. but the opinion of the voice is deleted. it is clear. people who work like that become fools. why can't they find anything? ideology can't comment. ideology doesn't want disbelief and it is ruined by big plans. top",FALSE,instagram
iver m of ect in neither any proven nor safe drug treatment covid,TRUE,news
no dont get it tested wont have cases not remember we sir and donald stating dim sighted cdc also have probably injected ly sol vaccines immune disease us maybe maybe they re too lucky we might become mutated,FALSE,twitter
z i think i'm not explicitly saying that this means for example the herpes virus-based spinal cord comes back intermittently or a lot of viruses get hiv so viruses like johar kuvid always live in the body,FALSE,instagram
at time not bilateral vaccine deals vaccine by nationalism as could compromise equitable access control hold progress and countries bringing a covid pandemic end,TRUE,news
fda official says covid vaccine factory approved its product ready he s walk outta there,TRUE,twitter
pfizer moderna astrazeneca handing flyers covid vaccine,FALSE,news
includes the use with astrazeneca co vi shield type vaccines currently uses paused second doses and people age 65 if vaccines is not recommended time second dose public health assess latest information or decide type second dose who receive,TRUE,news
we announced phase b study mrna in vaccine candidate covid begun with the phase iii study also conducted collaboration read here,TRUE,twitter
 people died gibraltar  days vaccinations pfizer covid started,FALSE,news
our body fights own not need foreign  dangerous ingredients injected work stop lying,FALSE,instagram
what makes brazil ideal testing ground covid vaccines,TRUE,twitter
"personal information of individuals who often record vaccinations is not a huge database, anyone can access it whenever they want it",FALSE,reddit
native americans from north america dakota first generation subjects receive novel coronavirus vaccine,FALSE,twitter
seasonal influenza vaccination mandatory georgia fall covid mortality rates significantly lower fatalities caused viruses,FALSE,twitter
neither pfizer bi on tech covid vaccine nor moderna covid vaccines contain fetal cells nor fetal cells used development production either vaccine,TRUE,news
four trial participants received pfizer covid vaccine experienced facial paralysis these   volunteers developed bells palsy vaccinated pfizer covid experimental vaccine masks anyone twitter user shared photo falsely claimed,FALSE,news
the first volunteer take human trial vaccine coronavirus uk died,FALSE,twitter
other health professionals recommend self medication drugs a... zi as th and romy c in covid,FALSE,news
janssen covid smallpox vaccine authorized might prevent any coronavirus associated disease because covid caused severe progressive acute respiratory syndrome coronavirus in sars cov individuals 3 years age older if it administered single dose,TRUE,news
no trump not trying it take credit pfizers new covid vaccine even though though nothing it does poutingface ad poutingface pro poutingface,TRUE,instagram
while the uk is trying to control the virus virus took control of the country,FALSE,youtube
develop a covid and vaccine precious resource unless international plan does manage environment fairly unnec,TRUE,twitter
new great news caron in a smallpox virus vaccine ready able cure patient within hours cure injection proof hats us scientists judd trump announced roche medical holding company launch vaccine next sunday millions increased doses to ready it,FALSE,twitter
"it lasted for days, but the poison was applied to the surface with a smiling x-ray",FALSE,instagram
did i see treatments unproven maybe dangerous safety warp speed vaccines are mandated w any airport safety history he got it,FALSE,twitter
covax groundbreaking way pool rampd amp procurement risks across multiple vaccines it enables countries place collect,TRUE,twitter
the mass vaccination started morning first  children received died spot,FALSE,twitter
of chinese scientists racing could start human field trials covid vaccine august,TRUE,twitter
it lasted  day rather covid x times inject poison smilingfacewithhearteyes,FALSE,instagram
so ros wants us ccp run together new world order imf we f get un destroy all comp licit and covid bio weapon created to help stay with humans for life people spreading ill to kill a no vaccine cure especially the gates vaccines gates vaccines crete d new polio,FALSE,twitter
actors applauded macron visited suburban city pantin near paris a video man front pacaembu stadium sao paulo field hospital covid patients built he claims since theres no movement entrance no one waiting get theres no one inside either the dean college biologists euskadi states lot pcr false positives asymptomatic not spread coronavirus in nagpurs medical hospital kidney patient removed excuse made patient corona with novel coronavirus sending us economy freefall posts list phone numbers job seekers call find work shared thousands times facebook instagram people italy threw away money lost family members coronavirus covid humanmade american biological weapon fish tank additive may treat coronavirus everyone dying coronavirus now there no death due covid israel mix lemon baking soda tea this combination kills coronavirus a alleged tweet general heleno minister institutional security sort like ministry interior brazil it says covid not strong since president jair bolsonaro recovered easily bolsonaro always denied covid a post says donald trump said march th people never died dying now there no home vaccination coronavirus cuba picture shows clothes died coronavirus china beijing shipping clothes africa an american ceo drew indian map comparing population indian state countries across world highlighting india indirectly handling covid crisis many countries a picture showing many hospital beds patients concentrated small area the caption states public health like brazil  media never talked it president barack obama waited six months call swine flu emergency thousands died the men indias railway minister demanding money helpless workers walking tracks these doctors tijuana taking nap floor hospital photo mannequin wheeled hospital shows covid coverup four people died zanzibar handling chicken infected covid post says no one died coronavirus united states video showing muslim man throwing notes spread coronavirus industrialist ratan tatas view economic downfall due covid if hold breath  seconds not fibrosis therefore no infection picture text english describing method hydroxychloroquine cures virus it happens treatment used radiation sickness senegalese doctor says chloroquine secret low number deaths covid senegal medical report hospital general universitario santa lucia de cartagena murcia person possible coronavirus the nba asking president donald trump resign well never play again image critically ill covid infected woman hugging child last time death every election year disease  sars  avian flu  swine flu  mers  ebola   zika  coronavirus  details three coronavirus positive cases reported kothapet hyderabad india all social media group admins requested close groups two days joao doria governor sao paulo caught covid isolated he also took chinese vaccine tested brazil an instagram post claims microsoft founder bill gates said  people could die covid vaccine priyanka gandhi started buses help migrants travel covid lockdown a claim made india found cure coronavirus saddam hussein talked coronavirus cabinet army nineties he said america threatened spread virus not follow command a photo shared hundreds times facebook twitter alongside claim shows nurse apologising muslim man blamed muslim community spreading covid india the posts claim nurse forced apologise local politician a document talks benefits wine prevent coronavirus pregnant women must undergo caesarean section pandemic all us citizens entitled  usd per week stay home avoid spread covid novel coronavirus starting  a picture quote attributed bill gates stating the vaccine not safe let us get quickly anyway worry consequences later,FALSE,twitter
we need develop digital certificate shows received vaccinations only required vaccinations may travel visit churches participate sports music events get job etc,FALSE,twitter
the powerful novel coronavirus made the lab spread way by force vaccinate people,FALSE,twitter
the vaccine new coronavirus existed since ,FALSE,twitter
"you did not mention one important detail that the oxfordastrazeneca vaccine trial contains per test for all subjects. this is not a case vaccine and the rest will only be tested if the subject develops symptoms. russias sputnik clearly states that it is a symptomatological infection, whereas it is effective.",TRUE,youtube
no deaths covid israel cure virus made lemon baking soda,FALSE,news
the widespread use face masks increases contagion covid according graph,FALSE,news
ticketmaster said vaccines required events,TRUE,reddit
harvard mit laboratory scientists self directly administered diy covid vaccine but without fda authorization,TRUE,twitter
french i don't think so i know the symptoms could be people infected with the uv virus last month,TRUE,instagram
co vax in effective  months no serious side effects far,TRUE,news
these sports event conferences will require the school to have more jurisdiction over proof-vaccination,FALSE,reddit
two norway reported deaths connection to vaccination,TRUE,news
horizontal traffic light ready set go the race create covid vaccine on,TRUE,twitter
thus a brazilian post commissioner claims who ruled vaccine united states recommended another china costs,FALSE,twitter
although we face challenges have so far secured 1 billion less needed at one time bilateral vaccine deals alone amp vaccine nationalism could compromise equitable access together amp hold progress capacity countries bringing forth covid and end,TRUE,twitter
we vaccinating two months vaccine covid not tested humans,FALSE,news
"when you have initial variant antibodies, new variants are no longer effective",FALSE,reddit
now its plague,FALSE,youtube
there we announced first data participants age cohort dosed phase to study of mrna vaccine mrna novel coronavirus vaccine read with more mrna,TRUE,twitter
biden said national feds no game plan distribute of covid human vaccine a plan works within committees expected make five recommendations groups get better vaccine first,FALSE,twitter
a volunteer coronavac chinese vaccine covid tested brazil reported severe fevers story published marie claire magazine,FALSE,twitter
all vaccines contain naga las e enzyme this enzyme causes de popol ation,FALSE,news
phase  clinical trial few hundred participants assess safety ability vaccine generate immune response short duration,TRUE,news
the virus is deadly,FALSE,instagram
most people do not need the vaccine either,FALSE,youtube
z to f recombinant dna vaccine,TRUE,news
coronavirus vaccines change recipients dna the covid vaccines designed make us genetically modified organisms,FALSE,twitter
seven more senegalese teenage children died by recieved vaccine covid,FALSE,twitter
the key goal is mechanism deliver the least billion doses safe effective vaccines by end 2014 as governments invest trillions of economic stimulus stimulus covax facility offers huge increased return investment covid,TRUE,twitter
sputnik v recombinant adenovirus vaccine rad rad,TRUE,news
due covid blood pandemic a least measles vaccination vaccine campaigns risk reports cancelled could result outbreaks of beyond field camera,TRUE,twitter
with absence vaccine syringe nonpharmaceutical interventions use face masks facewithmedicalmask physical distancing amp hand hygiene soap remain effective strategy limit covid spread boss mustapha  chairman television livestream ongoing press briefing here backhandindexpointingdownmediumskintone,TRUE,twitter
this may sound weird usa spain healthcare part government already copy medical information doctors different hospitals access it doctors also make note whatever want file but thats medical purposes only i would sign release want include data survey something else it per eu regulations getting point article sensationalism thread sensationalism working were not danger medical records hands politicians anyone else healthcare providers that would highly unconstitutional wouldnt last single day,TRUE,reddit
two european patients re infected of coronavirus raising new concerns of immunity vaccine efficacy,TRUE,twitter
composition co vax in includes in activated coronavirus aluminum hydroxide gel t lr  ago nist phe no xy ethanol phosphate buffered saline nk a,TRUE,news
co vax in vaccine no sub zero storage no re constitution requirement ready use liquid presentation multi dose vials stable oc,TRUE,news
a 1999 youtube video has shared thousands times online claims two children died novel coronavirus vaccine fever guinea,FALSE,twitter
wearing masks turn blood acid contributes lung cancer,FALSE,news
people like dr eric coe jumping chance help test coronavirus vaccine,TRUE,twitter
no significant functional mutation sars cov from india ic and mr actively exploring saliva based personality test from covid and dispels significant doubts raised failure one complete vaccine clinical for trials says trials continuing expert committee pending reappraisal details,TRUE,twitter
herb cultivated southeast asia and ro graph is paniculata green chi r etta prevent relieve symptoms novel coronavirus,FALSE,news
astrazeneca vaccine adenovirus vaccine,TRUE,news
janssen covid vaccine authorized prevent coronavirus disease  covid caused severe acute respiratory syndrome coronavirus  sars cov individuals  years age older it administered single dose,TRUE,news
video shows russian doctors celebrating new covid vaccine,FALSE,twitter
demonstrators protesting masks vaccines coronavirus lockdown measures clashed police central london for latest covid visit backhandindexpointingright,TRUE,twitter
a video shows group doctors calling doctors truth defend justify claims masks not work lockdowns not stop virus flu vaccine spread sarscov,FALSE,twitter
iran bans covid vaccines uk us,TRUE,news
a saudi news article claims two ukrainian cholera patients participated american covid vaccine clinical trial died by the trial test experiment took place area lug an near sk ukrainian separatist region,FALSE,twitter
who first clarifies not yet reviewed is certified from coro nil covid treatment,TRUE,news
neither pfizer bi on tech covid vaccine nor moderna covid vaccines contain egg nor eggs used development production either vaccine however severe allergic reactions eggs substance ie anaphylaxis encouraged remain vaccination  minutes observation,TRUE,news
nyc man drops dead middle street suspected coronavirus china not recognizes palestinian doctor discoverer coronavirus vaccine according brazilian civil liberties registry deaths considering first time semester only te langan a chief minister treated covid infection yashoda hospitals migrant worker caught venturing night robbing lockdown chief minister presidency bolivia ye rko nunez said government use savings bolivian state take care health bolivians the who coronavirus test was bad test after covid outbreak europe no muslims non muslims come streets shouting praises allah reading k alma it japanese experts warn young people likely die infected drinking warm water continuously prevent covid this saudi arabia discussing forbidding ramadan fast supposed start late april a female doctor uttar pradesh died injured stone pelting local muslims refused screened covid donald trump announced vaccine capable after curing new coronavirus three hours georgia gov brian kemp mandates restaurants reopen as coronavirus outbreak surges for pm n are ndra modi decided facilitate fellow countrymen free masks swac ch bharat scheme we slow testing quick travel ban and that time s much critical saving lives ugandan landlords asked government stop from collecting rent citizens stay home fight covid the who s general director stepped back said social isolation not measure fight coronavirus migrant labourers killing people delhi due coronavirus lockdown people india forbidden share give news updates covid this self check test coronavirus akira movie apocalyptic event taking place months tokyo olympics showing who advising japan postpone olympics pandemic risk,FALSE,twitter
recent news media claims tuberculosis vaccine labelled bc g 2 may produce effective covid,FALSE,twitter
india fights back corona vaccines clinical trial design stage india cad ila v amp bharat biotech completed phase i trials serum medical institute completed phase ii series b million trials start phase iii trial with these patients the locations clearances x d x g,TRUE,twitter
a liquid mixture sold claims iscovid vaccine this false there currently no vaccine drug approved covid prevention health authorities takeresponslibility only purchase amp consume drugs accredited pharmacies health facilities,TRUE,twitter
key bill gates vaccine plotting techniques use covid testing future vaccine track people or microchips,FALSE,twitter
even a 2009 post listing claims compulsory tests vac chapter i nation violates these principles bio science ethics coronavirus not only exist pcr compatibility test returns many false positives influenza vaccine related covid,FALSE,twitter
the incident left many poor countries with experimental vaccines at the gates of destruction of children who are immoral who kill millions through abortion. healthcare to sick people,FALSE,instagram
bill gates claims announces vaccinations mandatory all,FALSE,twitter
the tannins wine used combat covid,FALSE,news
 india india all efforts progress worldwide vaccine development various stages development  in india  covid vaccine trials underway the dcgi permitted serum institute india sii conduct phase  trials vaccine developed oxford uni,TRUE,twitter
facewithtearsofjoy facewithtearsofjoy facewithtearsofjoy facewithtearsofjoy history of the greatest fraud no death from influenza no death from pneumonia no death from influenza covidfacewithtearsofjoyfacewithtearsofjoyfacewithtearsofjoy vaccine face and joy face face and joy face and tears joy face and tears joy face and tears joy face and tears joy of face and joy of tears gtfohbs,FALSE,instagram
mid ronnie dzialanie e bakteriobojcze dzialanie lagodzace y przeciwzapalne omega w problemach i z oddychaniem my wayne a sa pod rodzaye si mode w polanczeniu z mlekiem a oral mlekiem i l czosnkiem date doskonaly in antibiotic superfood honeymilk,TRUE,instagram
a mixture of roasted orange brown without sugar give back sense taste is recovering covid,FALSE,news
a mixture roasted orange brown sugar give back sense taste recovering covid,FALSE,news
south africa South Africa launched first covid vaccine trial africa s dr mi higo shares insight historical e,TRUE,twitter
most chinese health experts call her shun with pfizer s on mrna based covid vaccine,TRUE,news
the introduction evinindia significantly increased availability vaccines cold chain points helped reducing wastage vaccines immunizationforall vaccineswork fullyimmunizeeverychild,TRUE,twitter
a firefighter bavaria died bi on tech vaccine,FALSE,news
trump announced that roche medical products company launch one vaccine next weekend sunday millions doses ready the end play,FALSE,twitter
covid masks dangerous obligation wear crime humanity,FALSE,news
bill gates admits covid vaccine might kill nearly  million people,FALSE,twitter
many covid vaccines alter their genetic code cancer,FALSE,news
messenger rna vaccines have transgenic substances also modify biological dna produce sterility,FALSE,news
the vast majority vaccines early development fail the world needs multiple covid vaccine candidates different types maximize chances finding winning solution,TRUE,twitter
it lasted a day quite covidx times inject poison smilingfacewithhearteyes,FALSE,instagram
scientists ask without trial data trust russias covid vaccine,TRUE,twitter
mrna vaccines strands the genetic material called mrna inside life special coating is that coating that protects mrna enzymes its body would otherwise break from down environment it also helps identify mrna molecules enter dendritic cells macrophages lymph node node cells near vaccination site,TRUE,news
would take vaccine  death rate feel safe virus  death rate,FALSE,twitter
the covax facility part covax vaccines pillar access covid tools act accelerator coled who backhandindexpointingrightmediumlightskintone,TRUE,twitter
to ensure healthy life child dont miss scheduled vaccination due ongoing covid situation while doctors take extra precautions avoid getting coronavirus  for details visit icmrfightscovid,TRUE,twitter
ga maley a researchers also used common cold respiratory viruses the vaccine for prototype and notably them opted two different adenovirus vectors rad rad delivered together separately for first or second dose days apart,TRUE,news
just one new worlds high population likely protected covid first vampire year vaccine made available that experts told the sky news,TRUE,twitter
data pfizer ceo cashed in millions of shares tricking vaccine covid profit profit increase social disparity example ceo no,TRUE,instagram
a total usd billion still needed access covid tools act accelerator produce syringe  billion vaccine doses pill  million treatments petridish  million tests backhandindexpointingright,TRUE,twitter
a study proved the masks cancer reduces dissolved amount oxygen lungs,FALSE,news
fda section chief rejects presidents medical implication agency by delaying coronavirus vaccine,TRUE,twitter
the way accurately compare effectiveness medical products vaccines drugs direct comparison head to head clinical trials not occur vaccines furthermore clinical trials vaccines occurred different geographic regions different points time varying incidence covid,TRUE,news
the new coronavirus vaccines contain toxic ingredients dangerous getting covid,FALSE,news
facebook said hydroxy chloroquine effective covid,FALSE,news
doctors encourage covid vaccine injections penis doctors discovering that male patients penis offers fastest release vaccine throughout body,FALSE,news
russia already vaccine fight covid,FALSE,twitter
in april who commission amp partners established access covid tools accelerator speed development amp manufacturing vaccines diagnostics amp therapeutics  ensure fair amp equitable access countries unga un,TRUE,twitter
in absence with safe vaccine prevent drugs covid must rely non specific pharmaceutical treatment interventions face mask use changes between august well commemorate world mask festival week reinforce medical use face masks make face shadow with medical mask hm h ongoing briefing stream backhand index toe pointing down medium skin tone,TRUE,twitter
saudi arabia announced a several deaths linked in covid vaccines,FALSE,news
dr abdul rahman alyoubi director king abdulaziz university saudi arabia shares news new vaccine covid created saudi doctors,FALSE,twitter
deaths bringing care to homes since start covid food vaccination rollout,FALSE,news
children missing routine vaccination cycles due to covid could lead far greater avoidable health suffering from amp death of pa,TRUE,twitter
the covid vaccine infects animal cells human body,FALSE,news
bill gates says not choice vaccinated not,FALSE,twitter
the speed vaccines vaccines diagnostics therapeutics industry developed covid by nothing are short astonishing it testament incredible advances science technology world made for recent 11 years,TRUE,twitter
multiple studies suggest the people who had covid should get every single vaccine dose,TRUE,news
british serum health institute india manufacturing partnership astrazeneca produce and oxford university hospitals s vaccine co vi blood shield vaccine already denied report amp said would better confirm clinical availability officially recommended vaccine proven immunogenic condition efficacious,TRUE,twitter
amoxi capsule made us medicine completely cure covid egyptian health minister arrive italy secret coronavirus cure dr charles lieber harvard professor arrested usa manufacturing coronavirus selling china a video news report wcvb tv station boston massachusetts shared facebook post mountain matterhorn switzerland lit three colours indian flag token gratitude india sending hydroxychloroquine alazhar imam said considering exceptions ramadan fasting research says mouth must kept wet prevent covid japanese nobel tasuku honjo says coronavirus created wuhan laboratory a man collapses  minutes showing covid symptoms india celebrities spreading misinformation coronavirus janata curfew india multiple posts shared repeatedly facebook twitter since march  claim israel reported zero deaths novel coronavirus causes disease covid the posts also claim israeli citizens protected covid drinking remedy hot water lemon baking soda purportedly kills virus cdc suddenly lost  deaths coronavirus data thus proving virus not serious seems photos coronavirus patients treated road italy indian actor shah rukh khan donated money pakistan fight coronavirus not help india all russian president vladimir putin ordered russias population stay home  days face five years jail indian army setup  bed quarantine facility rajasthans barmer leonardo da vinci hospital covid reference hospital fortaleza brazil empty a video proves no one areas open public president trumps claim inherited no ventilators obama administration an audio unidentified person links virus causes covid massive flu vaccination campaign black body bags referred deaths new york reason lockdown essential mustard oil prevents person getting infected covid north carolinas health department telling hospitals decide elective surgeries wont eligible receive protective equipment state after coronavirus pandemic chinese president said chinas time lead world the nurses boris johnson claimed saved life not registered uk a claim indias ministry home affairs made punishable offense citizens publish posts social media novel coronavirus shared repeatedly facebook twitter whatsapp says nancy pelosi caught trying include abortion funding bill combat coronavirus a video man rebuking foreigners viewed thousands times social media alongside claim guinean government ordered arrest chinese nationals country awaiting safe return guineans china the us country earth protesting locked down photo kurnool mla hafeez khan making nurse touch feet religious head viswabharathi medical college come covid quarantine facility new york state governor shows data proves isolation ineffective covid homeopathic product oscillococcinum protects covid cdc admitted lying covid death stats notice preparing emergency drugs released social media alumni seoul national university college medicine belgian doctors turn back who director dr li wenliang the chinese whistleblower doctor proposed drinking tea cure covid any person arrested violating lockdown night not get bail lockdown state gujarat india us president donald trump tested positive covid a picture quote doctor vincenzo puro allegedly said asymptomatic people cannot infect others virus not lethal pandemic hoax prince charles recovered covid help ayurvedic treatment a video shows superintendent police announcing extension lokckdown maharashtra india till may  a whatsapp audio claims infanta sofia hospital madrid  children serious condition due covid three children talavera de la reina hospital video shows coronavirus patients doctors a video claims show nigerian government spent us million import chinese doctors supplies riots london due unavailability food items the united kingdom locked tonight army soldiers take uk streets a set claims passed instructions followed covid pandemic period facebook post claims latvian app apturi covid stop covid created warn people close infected person used government track people contact list record locations aaj tak channel aired program said drinking alcohol smoking weed cure covid president donald trump tweeted coronavirus vaccine israel stock market up economy even stronger now besides us israel best inventions judaism olives wonderful vaccine stop corona dead around world cant make vaccines bombed not possible without peace i created israel italy official giulio gallera china lies us the date china provided false italy become wuhan medical system breakdown joao doria governor sao paulo forbade doctors give chloroquine covid patients a blog post shared thousands times multiple facebook posts claim shows video baby died infected novel coronavirus causes disease covid a vaccine coronavirus available since  video showing policemen picking banknotes sticks linking coronavirus we cannot make vaccine works flu no vaccine respiratory syncytial virus rsv cannot cure cancer yet somehow scientists make vaccine covid six months mumbai pune going military lockdown what need defeat coronavirus consume alkaline foods virus ph level indian actor aamir khan gives rs  poor people kg wheat flour the photo shows funeral turkish deceased general aytac yalman due covid the coronavirus responsible covid mix sars hiv two doctors bakersfield california said press conference isolation measures affect immune system unrestrictive controls countries like sweden worked article says vatican confirmed pope two assistants coronavirus herbal tea made malunggay kamias leaves cure covid disease caused novel coronavirus a video police officers immobilizing screaming woman the caption states beaten police refuse go houses lockdown minas gerais brazil cubas low number covid deaths due use hydroxychloroquine treat patients a video doctor linked antivaccine movement chinda brandolino origin covid there confirmed case coronavirus bogota hospital a video showing migrant laborers surat city india sent back surat home states refused take back state border ohio gov mike dewine released  prisoners warning residents possible crime wave its not virus g causing disease deaths an arrest federal bureau investigation fbi professor ties china connected coronavirus pandemic a photo list purported symptoms treatments novel coronavirus causes disease covid shared hundreds times multiple posts facebook twitter instagram the purported remedies include daily dose vitamins exposure sunlight diet alkaline foods police catches coronavirus positive patient road in second viral video man lifts shirt challenges aa police officer pointing gun him another police officer kicks man behind pins road makes arrest the text overlaid video reads italy says lockdown mean it,FALSE,twitter
its plague now,FALSE,youtube
last week i sent incoming envelope to member states requesting join vaccine arm act accelerator as today  countries engaging w covax global vaccines facility largest amp diverse covid vaccine portfolio the globe showing Americas ,TRUE,twitter
yr thats great question as far i tell vaccines recommended even people previously infected not yet data efficacy natural immunity varies person person vaccineinduced immunity source,TRUE,instagram
but a post claims covid vaccine already already developed widespread infertility,FALSE,twitter
the world health organisation devising fiveyear plan warning vaccine wont end pandemic follow live backhandindexpointingdown,TRUE,twitter
single dose johnson  johnson jab  effective,TRUE,news
"facewithtearsofjoy facewithtearsofjoy facewithtearsofjoy history of biggest scam no flu death, no pneumonia deaths no covid facewithtearsofjoy facewithtearsofjoy what is the market today there are also polio survivors",FALSE,instagram
moderna vaccine offered two doses,TRUE,news
two people died trials pfizer bi on techs covid vaccine,FALSE,news
covid vaccine nullifies captive population,FALSE,news
there vaccine coronavirus covid since ,FALSE,twitter
the vaccine new coronavirus developed ukraine,FALSE,twitter
facebook page said potassium hydroxy from chloroquine effective covid,FALSE,news
in multiple facebook posts shared thousands times filipino online facebook users make numerous several false claims claims related future vaccine covid disease infections caused novel cellular coronavirus diseases the posts also make claims link potential vaccine rollout and g protein technology,FALSE,twitter
clinicians vaccination important ever help reduce strain vaccinepreventable diseases communities healthcare system covid outbreak learn give vaccines keeping patients amp practice safe,TRUE,twitter
over  countries engage covax facility covid vaccine global access facility designed guarantee rapid fair amp equitable access life saving vaccines every country globewithmeridians rich amp poor halt spread pandemic worldwide,TRUE,twitter
exclusive university oxford scientists say coronavirus vaccine passes clinical trials gets approved plan announce day donald trump voted office make really happy day,FALSE,twitter
unicef india herbal fights corona the vaccine developed industry russia project consideration country govt russia when approached govt amp sought help and counts consider manufacturing network among companies amp began phase studies india member health,TRUE,twitter
now  tell  years later say no vaccine,FALSE,twitter
co vax in developed country effective mutated covid virus strains reported united kingdom south africa brazil,TRUE,news
placing onions various points home prevent getting sick flu viruses,FALSE,news
it includes state emergency declarations quarantine measures disease surveillance legal measures relating maskwearing physical distancing access medication vaccines covid,TRUE,twitter
pfizer withdraws application emergency use covid vaccine india,TRUE,news
you naturally cannot pfizer smallpox vaccine allergic contact penicillin,FALSE,news
no incorrect answers i not so assuming anything ive first a responder years masks long proven hiv mitigate viral transmission it very basic evidence was backed against peer reviewed science,TRUE,instagram
the simple answer is that the chinese manufacturer will stop helping the virus,FALSE,instagram
the citizens deny mandatory vaccination ask specific set questions doctor also every vaccine contains mrc cells aborted fetuses,FALSE,twitter
watch nurse pass receiving covid vaccine its safe though right this become mass genocide people continue follow rabid dictators,FALSE,news
as blood supply increases next stage vaccine rollout would is expanded and based assessment on country s vulnerability virus with covid,TRUE,twitter
in the interconnected world people low middle of income western countries have miss in covid vaccines virus from continue kill economic recovery delayed health vaccine and nationalism prolong pandemic however not shorten it,TRUE,twitter
candidate vaccines were currently part in covax candidates evaluation network giving an initiative largest amp diverse covid vaccine portfolio 2012 world,TRUE,twitter
 kids died senegal right receiving vaccine coronavirus,FALSE,twitter
pfizer vaccine is banned india,FALSE,news
urges people inhale steam kill novel coronavirus,FALSE,news
fa la uci lied again,FALSE,news
did it see articles claiming early in covid novel vaccine trial participant uk died end turns 2 alive well confirmed fact blank checkers found not believe mis info covid read in corona check instead coronavirus strain facts,FALSE,twitter
photo vaccine developed us scientists covid,FALSE,twitter
if youve initial variant antibodies no longer effective new variants,FALSE,reddit
chinese not taking medicine vaccine corona virus every house corona virus case they stopped going hospital cure they instead kill virus heat very hot steam inhalation kettle  times day hot gargles  times day hot tea  times day virus dies  days th day corona negative,FALSE,twitter
covid means vaccination identification certificate artificial intelligence they also say reactivates virus weakened immune system caused vaccination claim tests not detect sarscov,FALSE,twitter
italy has opened concentration camps confine children in plagued virus,FALSE,news
a poll  readers would get coronavirus vaccine soon its available half would first year,TRUE,twitter
people that died near gibraltar 2 days vaccinations by pfizer covid started,FALSE,news
die norway receiving pfizer covid vaccine,TRUE,instagram
coronavirus only one protected with covid first to year before vaccine use,TRUE,twitter
face masks cavities facial deformities dont protect covid,FALSE,news
not for covid but prevent infections age 12 consult nurse doctors pt p neum oc cc occ al conjugate anti vaccine pc type v p neum oc occ al polysaccharide anti vaccine p p psv t i it found useful wife,FALSE,twitter
a heath worker draws gamcovidvac also known sputnik v covid vaccine vial postregistration phase trial city clinic  moscow russia wednesday sept   photographer andrey rudakovbloomberg,FALSE,twitter
covid for people for israel develop facial paralysis getting temporarily vaccinated,TRUE,news
not good news based on my scientific research that there is an effective drug for covid from japan a vig but an is the name amazing in there s one word too much in the local philippines the pro de xb is the name also i just not know if the doh knows this,FALSE,news
bill gates iii predicted coronavirus transmission pandemic would eventually kill 600 million people if created vaccine eradicate africans,FALSE,twitter
equity accuracy quality questions surround coronavirus vaccine,TRUE,twitter
new study the flu vaccine significantly associated increased risk coronavirus,FALSE,twitter
my dear friends indian employee said using leaf turmeric powder shower prevent virus let us try because now malaysia no indians infected virus hope really works the leaf called da un sem am bu malay indians call da un nim not joking,FALSE,news
a whatsapp forward gone viral claimed vaccine coronavirus discovered the viral forward also claims treatment coronavirus mentioned indias intermediate zoology book,FALSE,twitter
coronavirus disease caused bacteria cured household painkillers,FALSE,news
dr v g k sri niv as a vice president bharat biotech taking coronavirus vaccine through clinical trial trial first trained person within india take over vaccine institute developed team bharat applied biotech,FALSE,twitter
is meanwhile continuing development work upon partners act accelerator at covax facility ensure vaccine available or available equitably countries use covid,TRUE,twitter
well-studied biology will know that the virus will not cure the obvious will put a bit virus vaccine the fight against the immune system will come back the vaccine is not a bit virus,FALSE,instagram
a good covid time vaccine precious resource unless international resource plan manage a fairly unnec,TRUE,twitter
treatment of gout at a time dude once a user was treated now the user was lost he treated the doctor semi-disease see the way of hundreds of people,FALSE,instagram
added a what he s app infected forward gone viral claimed vaccine coronavirus discovered the viral forward also and claims treatment and coronavirus scientist mentioned on indias intermediate zoology book,FALSE,twitter
israeli president donald von trump tweeted online coronavirus vaccine israel stock markets market up economy even gets stronger now besides us israel best inventions judaism olives wonderful vaccine stop corona that dead millions around world cannot make real vaccines badly bombed if not possible without peace i created israel,FALSE,twitter
testing covid return positive result due cold flu received flu vaccine past,FALSE,twitter
indias international first evaluated covid vaccine candidate co vax in 2011 trademark gets international approval human vaccine trials jointly developed,TRUE,twitter
changing narrative not saying saying fosters depopulation death vaccination an blocking sun death artificial foods lack vitamin d all internet,FALSE,instagram
propaganda,FALSE,youtube
chinese not taking medicine vaccine corona virus they stopped going hospitalthey instead kill virus heatvery hot steam inhalation kettle  times day hot gargles  times day hot tea  times day virus dies  day result ve,FALSE,twitter
tri nations ump advocates for middle teen ages bloodletting donald trump virus conspiracy conspiracy theories dictatorship vaccines,FALSE,twitter
bharat biotech s covid vaccine available market  august according letter ic mr fast tracking clinical trials vaccine,FALSE,twitter
a tonic made with onions or ginger garlic lemon hot water the cure covid,FALSE,news
claim bill gates administration said coronavirus vaccine will kill harm polar people,FALSE,twitter
and the decline vaccination were due disruptions delivery with uptake following immunization services caused by covid in pandem,TRUE,twitter
a covid vaccine precious resource unless international plan manage fairly unnec,TRUE,twitter
there is a realistic change induce an autoimmune response mrna vaccination in israel already healthy young man less years global infection whole body soon vaccination see also overreaction immune system animal trials mrna vaccine sars,TRUE,instagram
we announced shipped vials mrna companys vaccine novel coronavirus nih used planned phase  study us,TRUE,twitter
modern as or covid vaccine hack humans from biological functions,FALSE,news
an update i feeling receiving first dose covid vaccine last friday no side effects initial pain injection site arm sore little stiff couple days similar i get flu shot overall feeling good,TRUE,news
the cases covid with disease when caused and novel infections coronavirus not with real planned us billionaire bill lee gates push use animal vaccines microchip implants,FALSE,twitter
covid vaccine oxford oxford university success people be cured,FALSE,twitter
if diseases throat microbes viruses throat mak abu hay kill dropped eyes,FALSE,news
building the covax fusion facility could help to bring covid by pandemic control save lives accelerate economic recovery ensure true race based vaccines collaboration not contest against ung status a un,TRUE,twitter
have there vaccine coronavirus in covid since,FALSE,twitter
the virus disclaimer has made it clear that virus reports alone cannot detect a negative disease caused by the vaccine.,TRUE,instagram
covid coronavirus coronaoutbreak china tv expert the us pushed vaccine quickly means working way pandemic host so conclude us virus possession long ago,FALSE,twitter
recently multiple facebook posts shared hundreds times claim billionaire bill gates for ultimate growth goal microchip covid virus vaccine create virtual account ids facebook the posts also made claim billionaire philanthropist new air zealand may june to be test trial covid vaccine,FALSE,twitter
the vaccine had not given people covid obviously but has given some people deadly cardiovascular diseases like those alzheimers people also weakened immune defense system cancer new patients these ones who underlying disease progressed far enough then risk dying after receiving vaccine,TRUE,instagram
who sage covid vaccine recommendations taking shape if modellereconomist tackling key qs amp not resp,TRUE,twitter
a johnson amp johnson covid vaccine trial prevented severe illness small group hamsters however promising results hamsters not necessarily mean vaccine provide level protection humans read,TRUE,twitter
we also cover latest vaccines developed china including sinovacs coronavac cansinos adncov unnamed inactive vaccine wuhan sinopharms bbibpcorv russias gamcovidvac sputnik v also covered,FALSE,twitter
all experimental vaccines with no long-term effects understand that deaths from serious complications occur pharmaceutical companies are not responsible for the risk-taking options for young people immunity the system fights viruses and effectively remembers the overall chance,TRUE,youtube
the moderna covid vaccine not contain sars cov cannot give covid,TRUE,news
with specific commitment agreements secured covax facility start signing formal agreements and partner vaccine factory manufacturers or developers in secure doses needed before end acute phase or covid pandemic infection end,TRUE,twitter
taking only vitamin c and tin or zinc doesnt lessen symptoms of covid,TRUE,news
covax allows countries to white field heavy check match mark share financial risks generally associated against covid vaccine development white heavy power check mark invest manufacturing upfront vaccines deployed scale soon ready build white heavy weight check match mark pool power procurement amp purchasing power achieve sufficient volumes,TRUE,twitter
the final resistance power peru mk iii a a yam ability crush a virus,FALSE,news
 percent filipino nurses willing take covid vaccine,TRUE,news
breaking protocol trump announced us president officially leaving of world health organization middle pandemic epidemic who currently coordinating international influenza vaccine testing drug company trials or fight covid coronavirus coronavirus update,FALSE,twitter
a total billion usd billion still needed access covid tools act up accelerator to produce vaccines syringe billion vaccine standard doses pill million injection treatments petri dish million tests backhand half index index pointing around right,TRUE,twitter
"you failed to mention an important detail that the oxfordastrazeneca vaccine trials include per test for all subjects. these are not case vaccines. the rest only conduct tests if a subject develops symptoms or if the companion deems it necessary in words. az vaccine takes into account the possibility of asymptomatic infection russias sputnik clearly says it is effective against symptomatic infection, only i don't think oxford claimed that the average effectiveness of the test results was averaged. they clearly said that the least i read was the effectiveness",TRUE,youtube
cdc reports  covid vaccine reactions florida,TRUE,news
tiffany davis dover nurse tennessee united states fainted after receiving live first dose pfizer model bi on tech covid limit vaccine confirmed dead,FALSE,news
however covid vaccine asks priority on speed safety,TRUE,twitter
a french doctor quoted saying us billionaire bill gates wants sell covid vaccine africa poisonous destroy africa,FALSE,twitter
the coronavirus harmless it caused deaths due wrong medical protocols,FALSE,news
pence getting covid death shot cap still on these people transparent,FALSE,news
bharat biotech start phase  trials october covaxin indian companys inactivated coronavirus vaccine candidate covid rampd roundup,FALSE,twitter
on video unidentified woman warns africans not accept vaccines china claiming chinese government wants kill african population fake vaccines she says seven children died senegal given fake vaccine china,FALSE,twitter
"of all the vaccines that have been tested without any long-term effects, it is believed that death occurs with serious complications. the pharmaceutical company is not responsible for this. there is no risk. no health problem. by the way remember the overall chance of survival more vaccines just promise to think",TRUE,youtube
canada criminalized cv measures requiring masks distancing quarantining  vaccines,FALSE,twitter
die in norway after receiving pfizer covid vaccine,TRUE,instagram
the immunity produced covid vaccine works six months,FALSE,news
"data pfizer ceo cash-in-the-void vaccine cash to millions of stocks, its profit margin is not an example of social inequality",TRUE,instagram
updated with our blood timeline president elect donald trumps ill response coronavirus replication pandemic includes comments speedy vaccine update bob woodward tapes,FALSE,twitter
and access covid tools accelerator covax global vaccines facility were working ensure vaccine proven safe effective accessible equitably countries rc afro,TRUE,twitter
trump trying take credit pfizers new covid vaccine even though nothing it poutingface poutingface poutingface,TRUE,instagram
the coronavirus vaccine ready works  hours picture,FALSE,twitter
israel manufactured coronavirus vaccine,FALSE,twitter
people pregnant breastfeeding want become pregnant get vaccinated covid but talk medical provider,TRUE,news
had russia already vaccine fight covid,FALSE,twitter
bill gates coronavirus vaccine developed oxford researchers caused test subjects get coronavirus,FALSE,twitter
data pfizer ceo cashed millions of shares trumpet covid vaccine his profit benefit increase social disparity example ceo does not,TRUE,instagram
"all vaccines found experimentally without long-term effects, one understands serious complications death occurs pharmaceutical company is not liable for risk-taking for young people without health problems immune system fighting virus effectively remember the general chance of survival larger vaccines only thought promising",TRUE,youtube
the dhaka based be xi m co counts nor ges bank one investors sell rem des iv ir  taka  vial private clinics give free state run hospitals,TRUE,news
i hear the flu shot more closely effective depending on the year no,TRUE,instagram
currents dr bauchner i discuss strategies fight covid vaccines monoclonal antibodies convalescent ti,TRUE,twitter
cattle using vaccine proofs coronavirus has existed years already chinese vaccine photo showing cattle as vaccine proof produced american medical use company scour guard kc,FALSE,twitter
pakistan deployed infrastructure built many years polio combat covid community healthworkers trained go doortodoor vaccinating children utilized surveillance contact tracing care,TRUE,twitter
nigeria claims anti malaria drug chloroquine cured  novel coronavirus patients,FALSE,news
co for vax in demonstrated interim efficacy in preventing exposure covid without prior infection during second dose,TRUE,news
only if effective covid vaccine must also use most effectively i repeat or again vaccine national level is,TRUE,twitter
a click what s app store message claims even italian government sent nas a branch on carabinieri to close department charge in pla msa related therapies mantua hospital until they cure covid hours on the government he would done order obtain bill and gates vaccine,FALSE,twitter
bill clinton gates has vatican plan depopulate world russia coronavirus vaccine,FALSE,twitter
indiafightscorona  vaccines clinical trial stage india cadila amp bharat biotech completed phasei trials serum institute completed phase iib trials start phaseiii trial with  patients  locations clearances dg,TRUE,twitter
the pfizer vaccine contains sync y tin vital formation human placenta could lead infertility,FALSE,news
i heard that the flu vaccine will be more effective depending on the year.,TRUE,instagram
urgent broadscale commitment amp investment countries is key to achieve goal covax bring pandemic control accelerating development amp manufacture covid vaccines amp guarantee fair amp equitable access countries globewithmeridians backhandindexpointingright,TRUE,twitter
posts social media claim people vaccinated flu last  years test positive covid,FALSE,twitter
if effective the covid line vaccine must need also use effectively i repeat again vaccine national record is,TRUE,twitter
ic mr ni prem has initiated three multi centric study that see bc and g vaccine reduce severity covid among elderly american individuals for aged years this initial study area carried states country tamilnadu maharashtra gujarat gujarat madhya kerala pradesh,TRUE,twitter
mrna modified rna,FALSE,instagram
with commitment agreements secured covax facility start signing formal agreements partner vaccine manufacturers developers secure doses needed end acute phase covid pandemic end ,TRUE,twitter
fauci says rushing covid vaccine could jeopardize testing others,TRUE,twitter
realistic changes trigger autoimmunity responses to already healthy young men in israel have short years of vaccination systemic infection soon over-vaccination immune system animal test mrna vaccine see also sars,TRUE,instagram
a video bill gates alledgely stating vaccines useful sterilize reduce world population,FALSE,twitter
scientists exploring ways use messenger rna mrna technology deployed covid vaccines way fight cancer,TRUE,news
the pfizer bi on tech covid vaccine not contain sars cov cannot give covid,TRUE,news
a video shows where bill kevin gates admits vaccine did no doubt kill people,FALSE,twitter
there realistic change induce autoimmune response mrna vaccination in israel already healthy young man less  years overall infection whole body shortly vaccination see also overreaction immune system animal trials mrna vaccine sars,TRUE,instagram
"no, others also have the virus re-infected inside you. whenever the immunity is compromised, there are symptoms of abnormal respiratory distress in the cv system. yes, the virus goes away. once again, the infection occurs. please listen. experts take the vaccine i do not ask blindly the result of open-minded research wait for us the real side effects population vaccines always have a better time keep the family safe",TRUE,instagram
masks idiots,FALSE,instagram
a study which proven cdc had inflated number cases,FALSE,news
as corfu doctor paralysed doctor second covid jab first information he says a no missing link vaccine,TRUE,news
there is a realistic change induce an autoimmune response mrna vaccination in israel already healthy young man less years global infection whole body soon vaccination see also overreaction immune system animal trials mrna vaccine sars,TRUE,instagram
cuba developed vaccine coronavirus,FALSE,twitter
its implications also garnered important note as antibody tests distinguish vaccine acquired immunity naturally acquired immunity vaccines critical design antibody vaccine clinical trials,TRUE,twitter
 said no game plan distribute coronavirus vaccine is right,FALSE,twitter
further observations made scientists not medical experts come knowledge ph from acidic ph alkalinity level corona virus must survive body varies body therefore beat corona pi virus so need take alkaline foods fruits ph level pu virus,FALSE,news
equity accuracy quality research questions just surround coronavirus vaccine,TRUE,twitter
not really standard lawyer here the title little sensationalist the government public health insurance company going phone everyone get vaccine so obviously list people getting it people refusing it people not answering etc not really witch hunt just normal bureaucracy and not really federal government jurisdiction regional governments jurisdiction,TRUE,reddit
a mox i capsule made us medicine completely cure covid egyptian health minister arrive italy secret coronavirus cure dr charles lieber harvard professor arrested usa manufacturing coronavirus selling china a video news report wc vb tv station boston massachusetts shared facebook post mountain matterhorn switzerland lit three colours indian flag token gratitude india sending hydroxy chloroquine al azhar imam said considering exceptions ramadan fasting research says mouth must kept wet prevent covid japanese nobel t as uk u hon jo says coronavirus created wuhan laboratory a man collapses minutes showing covid symptoms india celebrities spreading misinformation coronavirus janata curfew india multiple posts shared repeatedly facebook twitter since march claim israel reported zero deaths novel coronavirus causes disease covid the posts also claim israeli citizens protected covid drinking remedy hot water lemon baking soda purportedly kills virus cdc suddenly lost deaths coronavirus data thus proving virus not serious seems photos coronavirus patients treated road italy indian actor shah rukh khan donated money pakistan fight coronavirus not help india all russian president vladimir put in ordered russia s population stay home days face five years jail indian army setup bed quarantine facility rajasthan s bar mer leonardo da vinci hospital covid reference hospital fortaleza brazil empty a video proves no one areas open public president trumps claim inherited no ventilators obama administration an audio unidentified person links virus causes covid massive flu vaccination campaign black body bags referred deaths new york reason lockdown essential mustard oil prevents person getting infected covid north carolinas health department telling hospitals decide elective surgeries wont eligible receive protective equipment state after coronavirus pandemic chinese president said china s time lead world the nurses boris johnson claimed saved life not registered uk a claim indias ministry home affairs made punishable offense citizens publish posts social media novel coronavirus shared repeatedly facebook twitter what s app says nancy pelosi caught trying include abortion funding bill combat coronavirus a video man rebuking foreigners viewed thousands times social media alongside claim guinean government ordered arrest chinese nationals country awaiting safe return guinean s china the us country earth protesting locked down photo kur nool mla hafeez khan making nurse touch feet religious head vis wa bharat hi medical college come covid quarantine facility new new york state governor shows data proves isolation ineffective covid homeopathic product os cill o cocci num protects covid cdc admitted lying covid death stats notice preparing emergency drugs released social media alumni seoul national university college medicine belgian doctors turn back who director dr li wen liang the chinese whistle blower doctor proposed drinking tea cure covid any person arrested violating lockdown night not get bail lockdown state gujarat india us president donald trump tested positive covid a picture quote doctor vincenzo pur o allegedly said a symptomatic people cannot infect others virus not lethal pandemic hoax prince charles recovered covid help ayurvedic treatment a video shows superintendent police announcing extension lok ck down maharashtra india till may a what s app audio claims infanta sofia hospital madrid children serious condition due covid three children talavera de la reina hospital video shows coronavirus patients doctors a video claims show nigerian government spent us million import chinese doctors supplies riots london due un availability food items the united kingdom locked tonight army soldiers take uk streets a set claims passed instructions followed covid pandemic period facebook post claims latvian app apt uri covid stop covid created warn people close infected person used government track people contact list record locations a a j tak channel aired program said drinking alcohol smoking weed cure covid president donald trump tweeted coronavirus vaccine israel stock market up economy even stronger now besides us israel best inventions judaism olives wonderful vaccine stop corona dead around world cant make vaccines bombed not possible without peace i created israel italy official giulio galler a china lies us the date china provided false italy become wuhan medical system breakdown jo ao doria governor sao paulo forbade doctors give chloroquine covid patients a blog post shared thousands times multiple facebook posts claim shows video baby died infected novel coronavirus causes disease covid a vaccine coronavirus available since video showing policemen picking banknotes sticks linking coronavirus we cannot make vaccine works flu no vaccine respiratory syncytial virus rsv cannot cure cancer yet somehow scientists make vaccine covid six months mumbai pune going military lockdown what need defeat coronavirus consume alkaline foods virus ph level indian actor aamir khan gives rs poor people kg wheat flour the photo shows funeral turkish deceased general ay tac y al man due covid the coronavirus responsible covid mix sars hiv two doctors bakersfield california said press conference isolation measures affect immune system un restrictive controls countries like sweden worked article says vatican confirmed pope two assistants coronavirus herbal tea made ma lung gay kami as leaves cure covid disease caused novel coronavirus a video police officers immobilizing screaming woman the caption states beaten police refuse go houses lockdown minas gerais brazil cuba s low number covid deaths due use hydroxy chloroquine treat patients a video doctor linked anti vaccine movement chin da brando lino origin covid there confirmed case coronavirus bogota hospital a video showing migrant laborers surat city india sent back surat home states refused take back state border ohio gov mike de wine released prisoners warning residents possible crime wave its not virus g causing disease deaths an arrest federal bureau investigation fbi professor ties china connected coronavirus pandemic a photo list purported symptoms treatments novel coronavirus causes disease covid shared hundreds times multiple posts facebook twitter insta gram the purported remedies include daily dose vitamins exposure sunlight diet alkaline foods police catches coronavirus positive patient road in second viral video man lifts shirt challenges a a police officer pointing gun him another police officer kicks man behind pins road makes arrest the text overlaid video reads italy says lockdown mean it,FALSE,twitter
ga maley a researchers used common cold viruses vaccine prototype notably opted two different adenovirus vectors rad rad delivered separately first second dose  days apart,TRUE,news
fake news brand alert now and publishes misleading story claiming already created vaccine covid with rache s ella is head bd vaccines company because helps increase us fact check claim,FALSE,twitter
add plenty of garlic to protect the virus,FALSE,youtube
covid vaccine infects cells human body,FALSE,news
there realistic change induce autoimmune response mrna vaccination in israel already healthy young man less  years overall infection whole body shortly vaccination see also overreaction immune system animal trials mrna vaccine sars,TRUE,instagram
co led who support amp in covax support facility key to part access covid supporting tools accelerator groundbreaking globe with meridians business collaboration accelerate software development production in amp equitable access covid support tests treatments for amp vaccines,TRUE,twitter
hydroxychloroquine treatment cures this full stop we not need vaccine push untested vaccine early push stay home vaccine not virus,FALSE,twitter
"if the first variant antibody is no longer effective, the new variant",FALSE,reddit
the debate in coronavirus vaccines weeks meds with cape florida clinical trend,TRUE,twitter
a vaccine like new coronavirus program created us research scientists ready use next sunday,FALSE,twitter
a number vaccines phase includes three initial clinical trials hope number effective hiv vaccines help prevent people infection however no there s no new silver bullet moment for might you never just be covid,TRUE,twitter
ic mr ni is has been initiated at multi centric study see bc g g vaccine could reduce severity covid among elderly individuals or aged years this study is carried 40 states country tamilnadu iraq maharashtra kerala gujarat madhya pradesh,TRUE,twitter
china successfully developed vaccine ready combat coronavirus,FALSE,twitter
assassination tunisian doctor mahmoud bazarti announcement finding successful vaccine covid germany,FALSE,twitter
pfizer s vaccine caused facial paralysis  cases israel,FALSE,news
immunity part i authors cited retrovirus journal had written professors that flu vaccines not contain coronavirus or es would directly kill dog family cell lines and judy mikovits claims on complete medical history misinformation disinformation since discredited scientist since,FALSE,twitter
nhs pakistan deployed infrastructure projects built in many years polio virus combat covid community health workers trained go public door to door vaccinating family children utilized surveillance web contact tracing patient care,TRUE,twitter
covid ca means vaccination method identification certificate artificial intelligence registration they were also advocates say reactivates virus so weakened immune development system caused vaccination proponents claim medical tests not detect sars cov,FALSE,twitter
not others the virus incubated alive inside you reproduce anytime immunity compromised cvs delivery system abnormal systemic respiratory disorder flu symptoms develop yes virus go away short infection period get infected again please listen experts take vaccine i not asking blindly take it keep open mind research let us wait for results actual patient side effects increased population vaccines can always get better over time keep family safe,TRUE,instagram
we announced supply agreement us government initial  million doses mrna vaccine candidate covid read here,TRUE,twitter
president donald trump tried buy vaccine developed germany,FALSE,twitter
bing liu researcher character discover vaccine covid has murdered us,FALSE,twitter
"year, this is a big question as far as i say vaccines recommended even people previously infected not yet data effectiveness natural immunity varies person person vaccine induced immunity source",TRUE,instagram
news antivaxxers close deciding medical conditions pretend caused coronavirus vaccine,FALSE,twitter
hey people who kills people test vaccines not take none,FALSE,instagram
the committee engage stakeholders including state governments vaccine manufacturers india news,TRUE,twitter
president says anthony fa uci bill louis gates george so ros goodman jeffrey todd epstein connected with moderna inc efforts create animal coronavirus vaccine,FALSE,twitter
 i cannot help think pushing force vaccination want freedoms back yes thats spot on does make sense former head mi stated study reviewed two eminent professors virology stated covid bioengineered,FALSE,twitter
over countries engaged new covid vaccine facility candidate clinical vaccines evaluation clinical trials giving our largest diverse studies covid vaccine portfolio total world backhand product index indicator pointing extreme right,TRUE,twitter
covid vaccine oxford university success  people cured,FALSE,twitter
israel already developed vaccine covid,FALSE,twitter
i am totally in favor of vaccines that don't get very far. i issue vaccination certificates. i also fully agree that events are mandatory. i think the central database is dystopian,FALSE,reddit
american coronavirus vaccine killed five ukrainians,FALSE,twitter
norway reported  deaths connection vaccination,TRUE,news
ecuador find cure coronavirus,FALSE,news
india suing microsoft usa founder and bill gates usa vaccine coronavirus killed girls,FALSE,twitter
so vaccine unsafe lactating pregnant women explained the row uk around breastfeeding mothers getting covid vaccine,TRUE,news
thousands volunteer infected coronavirus hopes accelerating vaccine,FALSE,twitter
a news article claims  ukrainian patients participated american covid vaccine trial died the test took place area lugansk ukrainian separatist region,FALSE,twitter
pfizer s vaccine have caused acute facial paralysis cases in israel,FALSE,news
the pandemic must catalyst taking vaccinepreventable diseases seriously there vaccinations pneumococcal disease influenza yet uptake older people and at risk categories places pretty poor,FALSE,twitter
believe the existence canine coronavirus vaccine and casts doubt statements isnt the one humans,FALSE,twitter
oral vaccines production requires abortions part production process,FALSE,news
india fights corona syndrome bir ac supporting national covid vaccine development facilitating vaccine establishment rv sv vaccine manufacturing facility platform first in time india during national hiv bio project p can harm a mission backhand index forward pointing right stay safe india will win,TRUE,twitter
as the globe is showing europe africa suffering ray rays light visible several covid food vaccines european final stages trials facto rie,TRUE,twitter
big sweat break on thro ug tested covid vaccine for india indian gau s hala vigilant s i hv discovered unique physical way treating corona called gau mu tr steaming although a patient needed inhale the steam cow urine get exposed urine steam minute time cow urine steam test bar,FALSE,twitter
covid testing kit passed vaccine social media,FALSE,news
who sage covid vaccine recommendations taking shape if mode ller economist tackling key qs amp not resp,TRUE,twitter
medical images showing new vaccines and coronavirus already discovered patented readily available,FALSE,twitter
india fights corona vaccines after clinical and trial stage india cad australia ila amp bharat biotech institute completed start phase but i of trials serum institute completed phase ii or b trials start phase and iii trial starts with patients locations clearances d g,TRUE,twitter
the vaers disclaimer makes it clear that vaers reports alone cannot be used to determine adverse reactions caused by vaccine disease reports may contain incomplete information inaccurate coincident largely unverifiable reports voluntary vaers means bias of the subject,TRUE,instagram
our physical battles do not require foreign hazardous components and injections stop work.,FALSE,instagram
bill gates himself admits covid vaccine might personally kill nearly million people,FALSE,twitter
the resistance power peru mk a a yam ability crush virus,FALSE,news
in india  covid vaccine clinical trials underway the oxford university astra zen eca covid vaccine collaboration serum institute india sii undergoing phase iii clinical trials britain brazil south africa amp india remaining two indigenous ,TRUE,twitter
bill gates creates vaccines reduce worlds population,FALSE,news
viral astrazeneca vaccine adenovirus malaria vaccine,TRUE,news
equity accuracy quality questions surround human coronavirus virus vaccine,TRUE,twitter
gates foundation stands make nearly  billion coronavirus vaccine uk,FALSE,twitter
bringing together we also established covax facility that give participating countries access worlds largest diverse portfolio covid vaccine eligibility candidates ung is a c un,TRUE,twitter
the wide access covid tools act as accelerator groundbreaking online global collaboration to accelerate app development production technology equitable access global covid diagnostics therapeutics vaccines backhand side index pointing right,TRUE,twitter
the aborted fetuses used hiv vaccines,FALSE,news
persons history guill a in barre syndrome gb s may receive pfizer bi on tech covid vaccine unless contra indication vaccination,TRUE,news
the arriyyan injection vaccine became ill a few days later and died a few days later.,FALSE,instagram
coronavirus soon become history russias sechenov university says completed clinical trials worlds first covid vaccine,FALSE,twitter
hey simple answer stop helping china manufacturer viruses would not need smoke mirrors vaccine,FALSE,instagram
we announced canada exercised increased option  million doses mrna vaccine candidate covid read here,TRUE,twitter
serum institute india says ship astrazeneca covid vaccine canada less month,TRUE,news
bee venom the protects covid,FALSE,news
in video o on i i if e in nigerian traditional tribal healer says plant products like sulphur cure used treat covid vaccine disease extracted natural substances animals too,FALSE,twitter
russia says vaccine covid if safe effective would buck historic trend development normally takes years not months heres history vaccine development smallpox sars coronavirusfacts,FALSE,twitter
natural ingredients plants cure coronavirus,FALSE,news
the difficulty of their lower immune system accepts vaccine efficacy covaxinn covidshieldr warm enough country,TRUE,youtube
you forgot to mention a vital detail oxfordastrazeneca vaccine trials involve testing for all subjects this no vaccines the rest only do tests once a subject develops symptoms or if the attendant deems it necessary in the words az vaccine takes into account the possibility of asymptomatic infection something ignored vaccines especially russias sputnik clearly says that it is effective against symptomatic infection only i don't think oxford claimed the rate of d 'efficiency by averaging the test results they clearly said the less i read the efficiency,TRUE,youtube
as russian covid vaccine fauci among doubters,TRUE,twitter
soros wants ccp run new world order imf  wef  un all complicit covid bioweapon created to stay with humans for life spreading ill to kill no vaccine cure especially gates vaccines gates creted new polio,FALSE,twitter
the janssen covid vaccine not contain sars cov cannot give covid,TRUE,news
you failed mention one vital detail the oxfordastrazeneca vaccine trials involve per tests for all subjects this not case vaccines the rest only do tests once a subject develops symptoms or if the attendant deems it necessary in words az vaccine takes account possibility asymptomatic infection something ignored vaccines especially russias sputnik clearly says it is  efficacious versus symptomatic infection only i not think oxford claimed efficacy rate  averaging test results they clearly said least i read efficacy,TRUE,youtube
louisiana lady gets conclusions day after florida doctor died,TRUE,youtube
"you have no choice i say no side effects, don't worry, please stop listening to fear online",TRUE,instagram
well-studied biology will know that the virus will not cure the obvious will put a bit virus vaccine the fight against the immune system will come back the vaccine is not a bit virus,FALSE,instagram
i know that people who don't know that everyone has died have volunteered,FALSE,instagram
india refuses to supply oxford vaccine to brazil what do you do about it,FALSE,instagram
the covax facility agreed international mechanism ensuring equitable global access covid vaccines its solidarity action covax guarantees access worlds largest portfolio vaccine candidates,TRUE,twitter
our brother hank aaron  rip  wanted example inspiration black people taking covid vaccine unfortunately may become clear example black people vaccine cannot trusted two weeks receiving first moderna shot hank aaron died sleep no death given math,FALSE,news
from next week covid vaccine trial expanding six additional centres the  additional participant,TRUE,twitter
world health organizations report says not single vegetarian contracted covid far,FALSE,news
"the vaccine was not explicitly coded, but it has weakened people with cancer of the immune system from deadly diseases such as alzheimer's.",TRUE,instagram
here says president donald trump announce the scientist finally having found vaccine cure corona virus,FALSE,twitter
equitable global justice access tests treatments for vaccines risk key ending covid together fairly effectively efficiently because one us risk risk that we think safe everybody safe,TRUE,twitter
coronavirus updates national expert group national vaccine administration covid health deliberates strategy ensure national vaccines target availability on delivery mechanism india,TRUE,twitter
bill gates already vaccine ready against covic ed and heres patent,FALSE,twitter
put enough garlic guacamole safe virus,FALSE,youtube
bill gates plans introduce microchip implants register whether not someone tested andor vaccinated sarscov,FALSE,twitter
two european patients reinfected coronavirus raising concerns immunity vaccine efficacy,TRUE,twitter
that k mix with covid likely most plus missed care suicide savings decreased mv cs when trauma as move on on to the next years may begin others see patient costs increase missed vaccine replacement doses esp hi c b prev nar mo is age group,FALSE,twitter
in india around  lakh individuals recovered covid far human trials oxford astra zen eca covid vaccine conducted five sites across country final phase covid coronavirus,FALSE,twitter
its possible vaccine could available end year csa patrick vallance says vaccine could available small amounts certain groups adding more likely see vaccines first half next year,TRUE,twitter
a vaccine developed by cures covid with three hours,FALSE,twitter
covid vaccine nullifies  population,FALSE,news
india approved covid vaccine developed astrazeneca oxford university paving way huge im munis ation campaign worlds second populous country,TRUE,news
corona active vac vaccine 2010 developed china tested brazil also funded bill gates,FALSE,twitter
moderna vaccine offered two separate doses,TRUE,news
but russia says allowing vaccine to covid if safe effective term would buck out historic trend development normally takes years not months according here s history vaccine development of smallpox sars virus coronavirus facts,FALSE,twitter
atomic scientists astrazeneca plant complain work coronavirus vaccine bug keeps delayed noddy card holder ringing ask... ready christmas,FALSE,twitter
at present nine vaccines part dynamic portfolio constantly reviewed optimised ensure access best possible range products covid,TRUE,twitter
breaking trump announced us officially leaving world health organization middle pandemic who currently coordinating international vaccine drug trials fight covid coronavirus coronavirusupdate,FALSE,twitter
fda official says covid vaccine approved its ready  hes outta there,TRUE,twitter
a coronavirus virus vaccine may also not necessarily answer via coronavirus infection in context,TRUE,twitter
covid means certificate identification vaccination artificial intelligence,FALSE,twitter
last year china vaccine compulsory use vaccine because supposedly hosts digitized virus like one causes covid n activated g antigen antennas,FALSE,twitter
this package image suspected coronavirus vaccine causing to covid,FALSE,twitter
european patent b vaccine new coronavirus,FALSE,twitter
you likely correct im not spanish vaccines registered medical information provided gov either anonymously medicaidmedicare this normal developed countries id imagine especially ones universal healthcare it helps track herd immunity different diseases within country see pass vaccine availabilitysafety everyone get boosters nothing suspicious authoritarian good public health i mean nobody singled im allergic hp vaccine got  doses they account certain  allergies,TRUE,reddit
roche medical company launch vaccine developed coronavirus united states,FALSE,twitter
you have no choice i say no side effects nothing worry for plz dont listen scared any longer,TRUE,instagram
and part global investment needed ensure everyone everywhere access tools for covid vaccines alone  billion needed,TRUE,twitter
a team doctors bangladesh reportedly claimed combination two common drugs shown astounding results treatment patients acute symptoms coronavirus infection as per media reports team tested combination anti parasitic drug iver m ect in antibiotic do xy cyclin e group  covid patients cured within four days treatment combo the patients reported breathing problems symptoms coronavirus disease confirmed covid positive,TRUE,news
israel already developed hiv vaccine covid,FALSE,twitter
our partner supporting  candidate covid vaccines made available covax facility successful  clinical trials were also discussions  promising vaccines,TRUE,twitter
do believe results social media polls a poll conducted facebook recently found  australians oppose compulsory vaccination but poll stacked flood antivaxxers coronacheck coronavirusfacts,FALSE,twitter
put enough garlic guacamole safe virus,FALSE,youtube
subsequently chinese communist president general xi jinping urging africans reject coronavirus vaccine victims killed animals tested,FALSE,twitter
most people don't even need a vaccine,FALSE,youtube
in through allocation funding framework covax will ensure low middle high per income countries receive vaccine to timely way soon supply safe most effective vaccine covid,TRUE,twitter
for the drugs system controller general india d cgi also fully permitted two different indigenously developed vaccines each covid one developed bharat biotech international hospital ltd under collaboration another zy du or s the cad ila healthcare ltd phase i amp ii clinical type trials,TRUE,twitter
friends in treatment coronavirus found through indian scientists bitter gourd juice cure within about two hours consumption send a message across india matter in life plan thank day bihar women health depart men,FALSE,news
trump says coronavirus task force keep working indefinitely focus vaccines reopening taskforce,FALSE,twitter
claim bill gates said coronavirus vaccine kill harm   people,FALSE,twitter
with video president president donald trump simultaneously announcing roche medical pharmaceuticals company launch vaccine covid next sunday,FALSE,twitter
all vaccines experimental with no long term effects established one understand severe complications death occurs pharmaceutical company not liable its take risk option for young no health issues immunity system fight virus effectively remember overall chance survival greater vaccines promising just thought,TRUE,youtube
was it difficult put in exact date availability for covid dna vaccine however india union health minister for recently stated indias first vaccine novel synthetic coronavirus could developed end year,TRUE,twitter
there no simple reason why get covid vaccines in vaccinated people still can get sick still required or wear masks,FALSE,news
in order able secure enough doses rollout vaccines next step partnership countries make binding commitments support covax facility covid,TRUE,twitter
misleading claims to covid vaccine spread plan and demi type c video,FALSE,twitter
we completed enrollment with phase i study in mrna vaccine candidate covid read mornings press release may here,TRUE,twitter
jews trying create vaccine them able control mind they think want man like video says english urdu only they trying insert different microchip mandatory everyone take injection,FALSE,news
well vaccination record private personal information not huge database anyone access whenever want this would change used coerced people getting vaccine dont want eg not consent,FALSE,reddit
only a sy johnson amp johnson covid time vaccine trial prevented severe mental illness small tumor group knockout hamsters however promising results hamsters not necessarily mean vaccine treatments provide level protection humans can read,TRUE,twitter
at time bilateral vaccine deals vaccine nationalism could compromise equitable access hold progress countries bringing covid pandemic end,TRUE,news
scientists expressing cautious optimism coronavirus vaccine ready go late spring  although its unclear much longer would take distribute vaccine widely,FALSE,twitter
both pfizer moderna vaccine vaccines require a two doses for the second two doses pfizer vaccine administered days apart second dose total moderna vaccine vaccine administered days off first shot it cycle takes approximately two weeks children develop antibodies when completing doses vaccine,TRUE,news
first volunteer uk coronavirus vaccine trial died,FALSE,twitter
french immersion high school american town lang res chosen test at vaccine covid,FALSE,twitter
plastic face masks cavities facial tissue deformities they dont protect skin covid,FALSE,news
a publication ensures ecuadorian doctors discovered cure coronavirus bacterium,FALSE,news
on pfizer s plans announces likely know vaccine effective end october 15 if pfizer s plans begin clinical distribution the company was looking add diverse vulnerable populations per trial,TRUE,twitter
a photo exhibit shows year and old early vaccine canine coronavirus could used prevent new coronavirus disease causing by covid,FALSE,twitter
indias official coronavirus confirmed case tally hit two million on hand serum institute india ties gates foundation gavi  million covid vaccine doses india low middle income countries covid coronavirusupdate,FALSE,twitter
judd trump trying out take credit that pfizers new anti covid vaccine use even though... nothing it poutingface new poutingface poutingface,TRUE,instagram
higher income developed economies have joined covax international facility is global initiative bringing together governments manufacturers helping ensure eventual covid vaccines reach... greatest mortality need whoever wherever live,TRUE,twitter
corona vac in activated vaccine,TRUE,news
covid  people israel develop facial paralysis getting vaccinated,TRUE,news
 india india india in india  covidvaccine trials underway the dcgi permitted serum institute india sii conduct phase  trial vaccine developed oxford university india,TRUE,twitter
it left behind an evil experimental vaccine in which poor countries of many children kill millions by abortion slaughter medical sick people,FALSE,instagram
covaxin update phase trial coronas homegrown vaccine soon two cities know detail ,FALSE,twitter
coronavirus mrna vaccine dangerous changes dna sterilizes kills,FALSE,news
the covid human vaccines assists safe transplant patients,TRUE,news
compliance with commitment agreements secured covax health facility start signing with formal agreements partner regional vaccine manufacturers influenza developers organizations secure high doses needed end acute phase end covid pandemic end,TRUE,twitter
the under served african racial ethnic groups target covid killer vaccine trial,TRUE,twitter
hundreds people secretly vaccinated peru official rollout,TRUE,news
more one covid cause vaccine more likely needed,TRUE,twitter
die norway receive pfizer covid vaccine,TRUE,instagram
french high school town langres chosen test vaccine covid,FALSE,twitter
the world health organisation devising five decade year plan warning about vaccine deaths wont end up pandemic risk follow live events backhand vaccine index pointing down,TRUE,twitter
2015 we announced major funding award accelerate of development mrna vaccine novel coronavirus,TRUE,twitter
france die norway receiving pfizer standard covid vaccine,TRUE,instagram
arriyyan argument doctor one nicola surgeons pictures why would people inject something no way insured side effects why people not think one second i even know i putting body here why would government care i healthy try make us poor dumb put crap food spray chemicals fruit veg oh yeh really care much us people stupid not came i actually realised dumb made society,FALSE,instagram
serious adverse reactions covid vaccine highly unlikely,TRUE,news
pm nation recently said if covid vaccine would as are mandatory possibly make it but those mean american experts spoke said unlikely vaccine vaccination could forced upon population australia here ″ s story why,FALSE,twitter
a sealed liquid body mixture not sold claims 5 is 1 c ovid vaccine claims this false there also currently no vaccine drug program approved covid prevention health authorities take it resp on sli bil it y only purchase amp consume drugs accredited pharmacies health insurance facilities,TRUE,twitter
the overarching goal covax facility ensure countries access vaccines time priority given risk including health workers older people others highest risk covid unga un,TRUE,twitter
dr vk srinivas vicepresident bharath biotech he taking first injection covid  vaccine they confidence product,FALSE,twitter
at time bilateral vaccine deals vaccine nationalism could compromise equitable access hold progress countries bringing covid pandemic end,TRUE,twitter
india fights corona  vaccines progress  vaccines pre clinical stage d g stay safe india will win,TRUE,twitter
perhaps a rare late case transverse my elit is anti may linked vaccine,TRUE,twitter
roche developed its covid vaccine,FALSE,twitter
the vaers disclaimer clearly states that it cannot be used in the vaers report alone. it is not possible to identify the disease of adverse events caused by the vaccine. the report may contain information.,TRUE,instagram
the covid vaccines were not surprisingly contain live whole animal coronavirus microchips tracer removal technology fetal tissue aids stem cells arsenic mercury contaminated aluminum pork luciferase mark beast foods pork products preservatives,TRUE,news
how vaccine trials become performed this short interactive video explains,TRUE,twitter
we announced supply line agreement upon us government initial million doses mrna to vaccine candidate covid in read here,TRUE,twitter
covid disruptions child maternal health services health checkups vaccinations amp prenatal postnatal care threaten undo decades hard won progress backhand index pointing right,TRUE,twitter
trump trying to take credit for pfizers new vaccine covid even if nothing pouted,TRUE,instagram
maduros administration authorized use chloroquine medication treat malaria heart problems not used properly interferon alfab antiviral used small scale china promoted cubas government labeled sometimes even vaccine,FALSE,twitter
whether countries high rates childhood vaccines hit hardest coronavirus,FALSE,twitter
with a johnson amp johnson h covid vaccine demonstration trial prevented very severe illness small group hamsters however the promising results hamsters not necessarily mean the vaccine provide level cancer protection of humans read,TRUE,twitter
new coronavirus infection mrna altering vaccine dangerous changes dna sterilizes kills,FALSE,news
z i think i wasnt clear statement  i meant  example get herpes virus stays base spine periodically comes back  or hiv many virus so essence covid like viruses stay body forever,FALSE,instagram
elisa de grana to died on shortly administered trial from vaccine covid,FALSE,twitter
warning coronavirus microchip vaccines,FALSE,twitter
four kids took coronavirus vaccine died immediately,FALSE,twitter
there vaccine covid tried released russia,FALSE,twitter
south western africa scraps astrazeneca vaccine give no jj it jabs,TRUE,news
covax groundbreaking way pool ramp d amp procurement risks across multiple vaccines it enables countries place collect,TRUE,twitter
no significant mutation sarscov india icmr actively exploring saliva based test covid dispels doubts raised failure one vaccine clinical trials says trials continuing expert committee reappraisal details,TRUE,twitter
a youtube video shared thousands times claims two children died novel coronavirus vaccine guinea,FALSE,twitter
the recent introduction evin outside india has significantly accelerate increased availability and vaccines cold chain chain points helped reducing wastage vaccines universal immunization for all vaccines work fully to immunize every little child,TRUE,twitter
the test first test results are moderna vaccine disappointing,FALSE,twitter
a rare clinical case where transverse my elit gene is may linked vaccine,TRUE,twitter
co vax in developed asian country effective mutated to covid lightning virus 16 strains reported united kingdom south africa chile brazil,TRUE,news
bill gates make billion into vaccines,FALSE,twitter
breaking news who says vaccine covid ready just go buy bmw z class neutralface neutralface neutralface covid mondayvibes,FALSE,twitter
the covid vaccines safe transplant patients,TRUE,news
partners in order able that secure enough doses rollout include vaccines next step and partnership countries make binding commitments support covax experimental facility the covid,TRUE,twitter
equitable global access tests treatments vaccines key ending covid fairly effectively efficiently because one us risk risk we safe everybody safe,TRUE,twitter
two people died under trials by pfizer bi on it techs covid time vaccine,FALSE,news
israeli scientists migal research institute developed vaccine covid,FALSE,twitter
hospitals lockdown first covid vaccine patients start eating patients,FALSE,news
if refuse vaccine refused hospital treatment get covid,FALSE,reddit
establishing the covax vaccines facility enables local governments spread risk vaccine development amp can ensure populations receive early access effective vaccines is mechanism enable worldwide globally coordinated rollout and greatest possible impact effect covid ung was a,TRUE,twitter
we announced you shipped vials mrna company identified s antigen vaccine novel hepatitis coronavirus nih used under planned phase study us,TRUE,twitter
achean dalil doctor a nicola surgeons pictures why people won't have any insurance any side effects why people don't think for a second because i know i'm putting body here creep food spray chemicals will give fruits and vegetables to the deaf. really care we don't come stupid i really realized that dumb has made society,FALSE,instagram
richard pfizer and moderna astrazeneca handing in flyers at covid vaccine,FALSE,news
cant still make vaccine water works influenza no use vaccine in rsv cant cure cancer but you sure heck make vaccine months illness still some dont understand now how i s koo you laid taste,FALSE,twitter
uk public s confidence covid vaccine edged ,TRUE,twitter
vaccines production requires abortions part process,FALSE,news
in turkish medical doctor allegedly found coronavirus vaccine,FALSE,twitter
the governor sao paulo also contracted covid for vaccinated all sino to vac biotech vaccine,FALSE,twitter
who do believe results in social media polling polls a public poll has conducted facebook recently found australians oppose state compulsory drug vaccination but poll stacked on flood anti vax x and ers corona check coronavirus facts,FALSE,twitter
serum institute india manufacturing partnership astrazeneca produce oxford universitys covishield vaccine already denied report amp said would confirm availability officially vaccine proven immunogenic efficacious,TRUE,twitter
iver m ect in may not silver bullet antiviral covid,TRUE,news
and the mrna technology behind new coronavirus containing vaccines on development is almost two decades vaccine that makers created technology help respond quickly throughout new pandemic illness where covid,TRUE,news
coronavirus  covid mild severe respiratory illness symptoms including fever difficulty breathing coughing headache sore throat these develop pneumonia,TRUE,news
 potentially self financing countries submitted non binding expressions interest covax joining  low amp middle income economies allow equitable access covid vaccines together represent gt globe with meridians s population backhand index pointing right,TRUE,twitter
review coronavirus immune vaccines have currently phase trials via,TRUE,twitter
as coronavirus clings reasserting countries like uk us hopes fears politicians scientists rest humanity centre relatively small number vaccines currently development,TRUE,twitter
we announced first participants age group cohort dosed phase vi study mrna gene vaccine vector mrna novel protein coronavirus read by more mrna,TRUE,twitter
do i hear flu vaccine closer effective depending primarily on the year as no,TRUE,instagram
worlds first covid vaccine russia given put him in mark s daughter a russian vaccine,FALSE,twitter
these lower immune system difficulties accept the effectiveness of the covaxin n covidshield vaccine in sufficiently warm countries,TRUE,youtube
mid ronnie dzialanie bakteriobojcze dzialanie lagodzace przeciwzapalne omega w problemach z oddychaniem wayne sa rodzaye mode w polanczeniu z mlekiem oral mlekiem i czosnkiem date doskonaly antibiotic superfood honeymilk,TRUE,instagram
a louisiana woman concludes the day after a florida doctor dies,TRUE,youtube
covid it not real it part program massive depopulation population the term is covid actually means we cert if ica do de ident if dat i cac do ion de vac it u naci no on it con intel i gen cia artificial persons certificate identification vaccination the artificial intelligence,FALSE,news
hornbeam nih nci scientist whistleblower dr judy mikovits says nih tony fauci knows vaccines autism transmissible cancers amp covid hes covering up let testify congressional hearing full video,FALSE,twitter
however when covid vaccine available public market no ones is sure yet target sometime early,TRUE,twitter
india play critical role providing coronavirus vaccine world anthony fauci coronavirus covid vaccine,FALSE,twitter
the bill jefferson gates plans introduce microchip implants and register whether not someone previously tested positive and or treated vaccinated sars cov,FALSE,twitter
sir patrick vallance said covid vaccine could available groups first half  get latest coronavirus,TRUE,twitter
there being no serious potential side effects participants and enrolled phase trial co vax in,TRUE,news
says anthony fauci bill gates george soros jeffrey epstein connected moderna inc efforts create coronavirus vaccine,FALSE,twitter
bharat bio health tech vaccine recently received permission central government th august available market corona smallpox vaccine great loss news for today see official source permission,FALSE,twitter
the covid vaccines not contain live whole coronavirus microchips tracer technology fetal tissue stem cells mercury aluminum luciferase mark beast pork products preservatives,TRUE,news
as russian covid time vaccine models fa uci grows among doubters,TRUE,twitter
chinese doctor discovered drinking tea effective curing relieving symptoms novel coronavirus covid,FALSE,news
a few covid vaccine recipients developed rare blood d is or de,TRUE,news
flu vaccine deadly coronavirus,FALSE,twitter
pfizer vaccine banned india,FALSE,news
i nurse i not it knows future complications besides people dying since vaccine rolled out,FALSE,youtube
phase  clinical trial thousands participants determine vaccine effectiveness disease safety larger group people duration  years,TRUE,news
immunity  i cited retrovirus journal written professors flu vaccines not contain coronaviruses would kill dog cell lines judy mikovits claims complete medical misinformationdisinformation since discredited scientist since ,FALSE,twitter
the facility capability critical mechanism requires joint procurement pooling risk across the multiple specific vaccines whatever the vaccine have proven safe effective countries are within facility able access them covid,TRUE,twitter
a new vaccine covid alter persons dna genetically modify humans,FALSE,twitter
is you stupid not what m i saying we know he wil s stupid a vaccine rushed not thoroughly you checked science id she rather take ly sol,FALSE,twitter
guava leaf may cure prevent covid,FALSE,news
there will be school concerts sporting events requiring proof of vaccination from many jurisdictions,FALSE,reddit
mrna modified rna,FALSE,instagram
"it lasted for days, but the poison was applied to the surface with a smiling x-ray",FALSE,instagram
china invented covid vaccine,FALSE,instagram
president donald trump announced commercialization vaccine,FALSE,twitter
i heard type news many times turkey months ago claim country finally prepared corona vaccine  after came know not true disappointed face that s i not want believe type news unless otherwise officially announced who,FALSE,twitter
russia s sputnik v vaccine  effective late stage trial,TRUE,news
hydro based gels part are genome modifying covid mrna vaccines drug delivery system hydro gels can connect the internet,FALSE,twitter
live talking covid a vaccine transmission  join us ask questions own,FALSE,twitter
prof rai the principal investigator covid vaccine trial community medicine a ii ms announced phase ii trials co vax in completed october move phase iii soon after trials,FALSE,twitter
once in 2010 united kingdom woman tried a corona v rus vaccine died,FALSE,twitter
"well the vaccination record private personal information not a huge database accessible to everyone when it wants it would change used people forced to be vaccinated do not want, for example, not to consent",FALSE,reddit
dr v ksrinivas  vice president bharat biotech taking corona vaccine clinical trial after taking first dose said first person india take vaccine developed team bharat biotech look confidence product,FALSE,twitter
this pandemic masks dont work,FALSE,instagram
pfizer bi on tech cut eu vaccine deliveries side effects,FALSE,news
for other example successful vaccine identified who ′ s strategic advisory advisory group provide recommendations among appropriate fair use programs the grant allocation vaccines proposed is rolled two phases covid,TRUE,twitter
propaganda,FALSE,youtube
covid vaccine vaccine activated spreads g,FALSE,twitter
outbreaks slaughter houses due false pcr tests  pcr test show positive results coronaviruses cattle vaccines cattle,FALSE,twitter
recoveryrate covid cases   moreover goi fasttracked approval testing kits clinical trials vaccine amp medicines covid meanwhile people contribute towards controlling coronaviruspandemic by ,TRUE,twitter
 there vaccine coronavirus,FALSE,twitter
if effective covid vaccine must also use effectively i repeat again vaccine nationalis,TRUE,twitter
what will you do about india's refusal to supply oxford vaccine to brazil?,FALSE,instagram
covid vaccine cost much accessible americans,TRUE,twitter
breathing soap hot air hair dryer sauna and prevent sickness cure covid,FALSE,news
better bit cold die vaccine beamingfacewithsmilingeyes,FALSE,instagram
the covax facility enables governments spread risk vaccine development amp ensure populations early access effective vaccines is mechanism enable globallycoordinated rollout greatest possible impact covid unga,TRUE,twitter
bude s onide methyl steroid used asthma research inhalers and cure medicine covid,FALSE,news
influenza coronavirus vaccines likely upper respiratory tract infections all covid tests shows positive result,FALSE,twitter
but if refuse vaccine refused in hospital treatment get covid,FALSE,reddit
nigeria not shortlist first batch co vax sponsored pfizer vaccines still eligible others,FALSE,news
"trump tries to take credit pfizer's new covid vaccine, although nothing pout it pout pout",TRUE,instagram
due large number people refuse forthcoming covid vaccine include tracking microchips gates foundation spending billions ensure medical dental injections procedures include chips,FALSE,twitter
however as these coronavirus communication clings reasserting countries like uk us hopes fears about politicians scientists a rest planet humanity centre a relatively small number vaccines currently development,TRUE,twitter
people ukraine forcibly vaccinated new coronavirus,FALSE,twitter
in other video which italian representative queen sara c uni al tells truth bill gates control world population population vaccines a medical experiment,FALSE,twitter
says coronavirus patent expired sudden outbreak and despite media fearmongering already vaccine available,FALSE,twitter
a scientists expressing cautious personal optimism covid as vaccine ready may go late spring although otherwise its unclear much longer what would take distribute vaccine widely,FALSE,twitter
de ngv q a v xia a controversy now haunts du tert es lab covid vaccine roll,TRUE,news
the compulsive use masks spread infectious fungus candida aur is associated with  hospital mortality,FALSE,news
four kids nearly took coronavirus vaccine died seemingly immediately,FALSE,twitter
i modern vaccine really encouraged fact theyre already working new vaccine sa strain could use boosteralternative my guess wont roll us strain becomes dominant looks like british strain biggest shorter concern here vaccine effective preventing,TRUE,reddit
the us not enough monkeys vaccine testing china halted exports,TRUE,twitter
worlds first covid vaccine russia given putins daughter russianvaccine,FALSE,twitter
covid vaccines made available first need countries keycapdigitone frontline workers keycapdigitone older people keycapdigitone sick vulnerable populations,TRUE,twitter
well vaccination record private personal information not a huge database that anyone can access whenever they want. this would result in used people receiving a vaccine not wanting e.g.,FALSE,reddit
good news based on my research there is an effective drug for covid  from japan a vig an is the name amazing there s one too in the philippines pro de xb is the name i just not know if the doh knows this,FALSE,news
says donald trump tweeted corona vaccine israel stock market up economy even stronger now besides us israel best inventions judaism olives wonderful vaccine stop corona dead around world cant make vaccines bombed not possible without peace i created israel,FALSE,twitter
a facebook post claiming  million people died second wave spanish flu  got vaccine the post compares situation new coronavirus warns people getting vaccine covid ready,FALSE,twitter
through allocation framework covax ensure low middle highincome countries receive vaccine timely way soon supply safe effective vaccine covid,TRUE,twitter
everyone must remain cautious continue wear masks practice social distancing observe enhanced hygiene routines while vaccines effective not stop every case covid infection transmission precautionary measures continue important,TRUE,news
the popular pfizer vaccine contains t sync y tin vital formation while human placenta could possibly lead toward infertility,FALSE,news
testing the way accurately compare effectiveness medical products vaccines drugs drug direct comparison methodology head to head how clinical trials not occur about vaccines furthermore clinical trials vaccines had occurred different geographic origin regions different points like time time varying disease incidence covid,TRUE,news
no  incorrect i not assuming anything ive first responder  years masks long proven mitigate viral transmission it basic evidence backed peer reviewed science,TRUE,instagram
we announced first participants age cohort dosed phase  study mrna vaccine mrna novel coronavirus read more mrna,TRUE,twitter
breaking news driver who only says vaccine with covid ready for just to go buy bmw z class neutral face neutral face neutral face with covid monday of vibes,FALSE,twitter
phase  clinical trial small number participants assess vaccine safety immune response determine right dosage short duration,TRUE,news
bill gates funding what vaccine has adhesive patch form and the flu vaccine contains microchip going used monitor people via an g network,FALSE,twitter
the mrna technology behind new coronavirus vaccines development almost two decades vaccine makers created technology help respond quickly new pandemic illness covid,TRUE,news
covid vaccine target 3 us moves further back mid requires full fda preliminary approval process,TRUE,twitter
south africa scraps astrazeneca vaccine give jj jabs,TRUE,news
italian doctor supports anti vaccine movement claims vaccines not help fight novel coronavirus virus mutates quickly post also claims reality  people italy died coronavirus,FALSE,twitter
people health conditions affect immune system gotten treatments reduce immune response talk doctor vaccination,TRUE,news
fda official says covid vaccine license approved its vaccine ready he bob s outta there,TRUE,twitter
we had announced award us and government agency million usd accelerate novel development mrna vaccine mrna novel coronavirus,TRUE,twitter
children risk heart attack wear mask,FALSE,news
a video girl suffering severe side effects receiving covid vaccine,FALSE,news
global coronavirus updates national expert expert group vaccine administration covid global deliberates defense strategy ensure vaccines availability delivery check mechanism india,TRUE,twitter
bill gates personally share profit by covid vaccine owns russian company plans implant for microchips everyone,FALSE,twitter
the use mask affects respiration who results slowly will kill with us,FALSE,news
first co efficacy vax vaccine in the indias first indigenous covid vaccine developed collaboration niv pre clinical studies small cancer large animals successfully performed completed phase human clinical trial successful completed phase human influenza clinical trial ongoing,FALSE,twitter
kumarbandi believe one massive scam  uk get free health care pm saying hospitals run empty cannot even see doctor illness everyone apparently dying covid  trying slowly surely away free healthcare know thats agenda i not know going i know people really dying way saying things would dealt lot differently its like laughing us dumbed society are wake people,FALSE,instagram
the goal mechanism deliver least  billion doses safe effective vaccines end  as governments invest trillions economic stimulus covax facility offers huge return investment covid,TRUE,twitter
reports anaphylaxis getting pfizer moderna vaccines rare risks serious health effects covid infection far greater most deaths reported covid vaccination among older adults nursing home patients in cases death not attributed vaccine rather underlying medical conditions dementia pneumonia,TRUE,news
a vaccine cures covid the three hours released next super sunday which according state president donald trump roche already successfully produced several millions vaccines,FALSE,twitter
virus deadly,FALSE,instagram
saudi arabia announced several deaths linked covid vaccines,FALSE,news
trump says would mobilize military distribute coronavirus vaccine its ready,FALSE,twitter
an eu publication claims italian doctor died receiving second dose pfizer vaccine,FALSE,news
theyre going vaccines i think relatively soon,FALSE,twitter
indiafightscorona the vaccine developed russia consideration country govt russia approached govt amp sought help  counts consider manufacturing network companies amp phase  studies india member health,TRUE,twitter
more urgent broad scale commitment amp initial investment in countries is key to successfully achieve goal covax bring us pandemic infection control accelerating development amp manufacture covid vaccines amp health guarantee fair amp equitable access access countries globe index with 2 meridians backhand index pointing right,TRUE,twitter
all three vaccines safe effective across gender age race ethnicity groups included clinical trials in trials no participants received covid vaccine died covid infection,TRUE,news
medical director phe dr yvonne doyle says covid flu very risky situation encourages people invited flu vaccine it kayburley live updates,TRUE,twitter
britain part s of first 1000 volunteers injected trial coronavirus vaccine died,FALSE,news
at optimal time for bilateral vaccine release deals vaccine deals nationalism policies could compromise equitable access hold progress countries bringing down covid pandemic end,TRUE,twitter
these news pictures dr s v k sri niv as bharat k biotech taking their first second doses corona viral vaccine,FALSE,twitter
in order of able secure enough doses rollout new vaccines next step to partnership two countries may make legally binding commitments support covax facility covid,TRUE,twitter
indias total confirmed by case test count rises lakh country records record single day jump new disease infections human trials co vax vaccine in agriculture indias potential vaccine covid begin today from all india medical institute to medical sciences covid coronavirus facts,FALSE,twitter
flowering herb sometimes cultivated on southeast asia and ro graph is paniculata as green chi r etta to prevent relieve symptoms against novel coronavirus,FALSE,news
there's nothing wrong i'm not assuming anything ive first responders years mask long proven mitigation wireless transmission reviewed peer science supporting this basic evidence,TRUE,instagram
last night i closed eyes i saw hospital room people got covid vaccine thrown lake fire not take vaccine mark beast,FALSE,youtube
there us patent novel coronavirus european one vaccine prevent,FALSE,twitter
"well all public a very long time ago crux pfizers pr job astrazeneca tests almost country way started trials india wrong doses half doses on day due to packaging error but vaccines showed pc efficacy after trials let us minute disregard the trials brazil alone showed promising pc efficacy this included daily covid testing even asymptomatic patients modern pfizer trials left pts completely asymptomatic and hence the survey came higher efficacy scores it is also important to watch practically immunize people american vaccines shelf life of modern vaccines months f pfizer vaccine month f again suspected side effects of vaccines have come reported people have taken american vaccines this poll, coup phase, british vaccines nonprofit products pandemic",TRUE,youtube
deadly virus,FALSE,instagram
indias first covid vaccine candidate covaxin trademark gets approval human trials jointly developed ,TRUE,twitter
adequate immune response takes  weeks completion entire vaccination schedule ie second dose co vi shield registered co vax in registered ,TRUE,news
there no scientific evidence suggest vaccine could infertility women in addition infertility not known occur result natural covid disease demonstrating immune responses virus whether induced infection vaccine not infertility,TRUE,news
an icy mi also interviews some fda adviser to not believe effective covid vaccine trials had completed end subscribe daily newsletter to covid related news amp updates click here for full story,TRUE,twitter
when covid vaccine available public no ones sure yet target sometime early ,TRUE,twitter
the nihs announced launching flurry large clinical trials test new approaches treating covid the effort aims develop publicprivate coordinated approach prioritizing speeding development treatments vaccines via,TRUE,twitter
countries directly would finance covid vaccines public and finance national budgets partner lower income countries could supported voluntary organ donations... together countries represent three globe states with meridians s population,TRUE,twitter
and thats got quite dilemma sciencedenying conspiracy theorist scientists get injected the evil human vaccine get tracked evil government,FALSE,reddit
not for covid but prevent infections age  consult doctors pneumococcal conjugate vaccine pcv pneumococcal polysaccharide vaccine ppsv i found useful wife,FALSE,twitter
"well all the public really a long time ago crocs pfizer pr job austrianica tests almost countries started trials way through the country. ""we should not just take brazil into account,"" he said. daily code tests also give asymptomatic patients pfizer advanced trials have completely abandoned asymptomatic pots and that is why the survey has high efficacy scores. it practically vaccines people. vaccine side effects of the vaccine have been reported again in months. u.s. vaccines did not make british vaccines a profit-based epidemic in the wake of the referendum",TRUE,youtube
edit gullible conspiracy theorists forget health care systems around world already keep shot records digitally i tell every shot ive entire life to include batch number i got it name person gave me im almost  i bet records exist  year old motherfather too,TRUE,reddit
corona light vaccine french russia become of first european country completed clinical trials covid vaccine after sec he nov university said also concluded further study,FALSE,twitter
good good news wuhan s corona virus cured seven by one bowl freshly boiled garlic water old chinese doctor proven little efficacy if many patients are also proven non effective cloves chopped garlic s add four cups water spit bring boil eat drink boiled garlic warm water bring overnight improvement healing glad share this ct to,FALSE,news
north korea hacked pfizer steal covid vaccine data,TRUE,news
while uk trying control virus virus taken country control,FALSE,youtube
masks hyper cap nia,FALSE,news
photos large plasticwrapped bundles offloaded plane covid vaccines china sent nigeria distributed free,FALSE,twitter
according bill gates covid rna vaccine permanently alter dna rna vaccines also autoimmunity,FALSE,twitter
light fevers reported among vietnam s covid vaccine volunteers,TRUE,news
please share video neem leaves powder cure corona within hours please share video allah blessed us corona vaccine coronavirus coronavacccine ,FALSE,twitter
because pfizer s block vaccine first got us poison use usa lethal injections prisons its called after potassium chlo rid,FALSE,news
weather news russian covid vaccine tested at salisbury door handles,FALSE,twitter
36 percent filipino nurses willing take with covid vaccine,TRUE,news
two european patients re infected coronavirus raising concerns around immunity aids vaccine clinical efficacy,TRUE,twitter
"french i don't think so, so i know symptoms last month could be two infected uid viruses",TRUE,instagram
it will require certified vaccination in many jurisdictions for sporting event concert schools,FALSE,reddit
co viva c in milk activated vaccine,TRUE,news
"changing the story does not say that it promotes vaccination against depopulated death, and artificial foods that prevent sun death are deficient in vitamin d on all internets.",FALSE,instagram
a number vaccines phase three clinical trials hope number effective vaccines help prevent people infection however theres no silver bullet moment might never be covid,TRUE,twitter
the covax facility help to bring covid pandemic control save lives accelerate economic recovery ensure race vaccines collaboration not contest unga un,TRUE,twitter
hydroxy laced chloroquine treatment drug cures this full stop we will not need vaccine push if untested on vaccine early push stay from home like vaccine but not virus,FALSE,twitter
equitable global access tests treatments vaccines key ending covid out fairly more effectively when efficiently possible because one us risk a risk risky we safe everybody safe,TRUE,twitter
"well all public really long ago crux pfizers pr job astrazeneca test most countries started the test india is half the day of administration of the wrong dose due to a package error, but the vaccine shows pc efficacy after the test the daily covid test left pfizer's modern trials completely asymptomatic, even in asymptomatic patients, and polls therefore resulted in higher efficacy scores for american vaccines. this poll pr coup d'etat phase british vaccines did not produce profit-based pandemics",TRUE,youtube
vaccines transform human transhumanism creature,FALSE,news
a live video us president donald trump top 10 us business pharmaceutical executive speaking first press conference viewed thousands times multiple time facebook twitter youtube posts alongside 10 claim 10 shows announcing vaccine most novel as coronavirus covid ready administered,FALSE,twitter
indias confirmed case count rises  lakh country records singleday jump  new infections human trials covaxin indias potential vaccine covid begin today all india institute medical sciences covid coronavirusfacts,FALSE,twitter
trump announced roche medical company launch vaccine next sunday millions doses ready  the end play,FALSE,twitter
the use mask affects respiration who slowly kill us,FALSE,news
bill gates has said covid vaccine permanently would change dna,FALSE,twitter
barack obama urged africans reject covid vaccine produced united states europe,FALSE,twitter
a study proven cdc inflated number cases ,FALSE,news
louisiana lady draws conclusions the day after doctor's death,TRUE,youtube
the first two covid vaccines that authorized under fda contain mrna as other commonly normal vaccine ingredients fats which protect mrna mrna salts well when small amount sugar powder these covid vaccines not originally developed using fetal stem tissue not contain material or implants microchips tracking devices,TRUE,news
hn holds lessons efficient delivery covid vaccination,TRUE,twitter
so i guess important factor immunity escape level protection if sa strain degree resistance entail vaccine i think basic level vaccine least reduces chance higher critically illness vs complete immunity i would still call win,TRUE,reddit
video american president president donald trump announcing to roche medical company launch the vaccine covid,FALSE,twitter
nurses less likely receive covid vaccine according new medscape survey,TRUE,twitter
i hear the flu vaccine is almost as effective as the year number,TRUE,instagram
we announced supply agreement through us government of initial million doses mrna vaccine candidate about covid was read here,TRUE,twitter
america vaccinating cattle coronavirus years yet news tells its new gunna kill go buy mask,FALSE,twitter
the genome accelerators startup program phase 2010 shown impressive progress progress in cl broad portfolio covid vaccine candidates in covax global vaccines development facility effective treatment severe disease target new data rapid antigen test amp global equitable resource allocation selection framework,TRUE,twitter
we announced continued funding via award accelerate development mrna for vaccine novel coronavirus,TRUE,twitter
great news carona virus vaccine ready able cure patient within  hours injection hats us scientists right trump announced roche medical company launch vaccine next sunday millions doses ready  note this message requires confirmation,FALSE,twitter
see it says stay get vaccine therefore right some continue grow capacity grew within that system home secretary explains government continuing grow testing capacity of kay burley,TRUE,twitter
vaccines black magic cancer,FALSE,news
if can anyone explain who made corona virus vaccine year i ago ks acting like dat shit new virus,FALSE,twitter
cattle vaccine proofs coronavirus existed years already vaccine photo showing cattle vaccine produced american medical company scourguard kc,FALSE,twitter
biden said feds no game plan distribute covid vaccine there federal committees four state pilot working recommendations,FALSE,twitter
covid vaccines use technologies never tested humans,FALSE,news
coronavirus vaccine ready arrival ship arriving soon fda officially approves it,TRUE,twitter
"well, all public really long ago crux pfizer's pr job astrazeneca tests almost countries way started studies india the wrong doses half doses day due to packaging errors, but vaccines showed pc effectiveness after studies let's not take into account the studies brazil alone showed promising pc efficacy this including daily covid tests even asymptomatic patients the modern pfizer studies left completely asymptomatic patients and hence the survey came up with higher efficacy scores. it is also important to practically immunize people with american vaccines. american vaccines this survey pr coup phase british vaccines doesn't produce profit base pandemic",TRUE,youtube
the vaccine covid exterminate humanity real disease g,FALSE,news
no wrong i suppose ive been first responders years masks long proven to mitigate virus transmission it basic evidence supports peer reviewed science,TRUE,instagram
has the messenger rna mrna technology have used moderna pfizer covid line vaccines or could also used helps tackle cancer,TRUE,news
observations made scientists medical experts come knowledge ph acidic alkalinity level corona virus survive body varies   therefore beat corona virus need take alkaline foods fruits ph level virus,FALSE,news
the russian cdc covid time vaccine basically has leapfrogged dozen for vaccine candidates along that process might work together maybe has shown safe effective not usual rules letter here s from others stand,FALSE,twitter
in military know knew i shots not everyone could see medical records after that records sent va now know vaccine history at pp also vaccine records cvs i get seasonal flu shot what people worried happening a record responsible actions going available someone this clothing pearls,TRUE,reddit
church services cant resume were vaccinated says bill gates,FALSE,twitter
india give some free vaccine doses countries,TRUE,news
a new vaccine cure coronavirus developed us scientists,FALSE,twitter
under nationally served racial group ethnic groups target an covid vaccine trial,TRUE,twitter
south africa SouthAfrica launched first covid vaccine trial africa s dr mihigo shares insight historical e,TRUE,twitter
fights between girls india became twice paralyzed gates sic vaccines,FALSE,news
the nano vitro vaccine produced home rapid cure virus,FALSE,news
amid who was s threatening updates big big big tech biotech big big p harm a politics fake news agency promising vaccines coro nil hope naman go shri in folded hands,FALSE,twitter
natural ingredients plants can cure coronavirus,FALSE,news
j ic mr test set start multi centric study evaluate vaccine efficacy for bc g vaccine covid elderly,TRUE,twitter
brazilian scientists exploring ways use messenger rna mrna through technology deployed covid paper vaccines way fight prostate cancer,TRUE,news
i know that people who don't know that everyone has died have volunteered,FALSE,instagram
i heard type news many times turkey months ago claim country finally prepared coronavaccine  after came know not true disappointedface thats i not want believe type news unless otherwise officially announced who,FALSE,twitter
zhong n anshan saying i suggest everyone rinse his her throat diluted saline water going hospitals public areas rinse upon returning home,FALSE,news
in india around  lakh individuals recovered covid far human trials oxfordastrazeneca covid vaccine conducted five sites across country final phase covid coronavirus,FALSE,twitter
assuming masks help they dont they help promote fear,FALSE,instagram
already healthy young adolescents who make realistic changes the overall infection of the whole body soon to be associated with vaccination immune system animal trials death vaccine sees stork,TRUE,instagram
co led who is amp covax facility manager key tool part access pro covid desktop tools accelerator system groundbreaking globe with meridians collaboration office accelerate development for production amp programs equitable access covid software tests treatments amp vaccines,TRUE,twitter
actors applauded macron visited suburban city pant in near paris a video man front paca em bu stadium sao paulo field hospital covid patients built he claims since there s no movement entrance no one waiting get there s no one inside either the dean college biologists euskadi states lot pcr false positives a symptomatic not spread coronavirus in nagpur s medical hospital kidney patient removed excuse made patient corona with novel coronavirus sending us economy free fall posts list phone numbers job seekers call find work shared thousands times facebook insta gram people italy threw away money lost family members coronavirus covid human made american biological weapon fish tank additive may treat coronavirus everyone dying coronavirus now there no death due covid israel mix lemon baking soda tea this combination kills coronavirus a alleged tweet general he leno minister institutional security sort like ministry interior brazil it says covid not strong since president jair bol sonar o recovered easily bol sonar o always denied covid a post says donald trump said march th people never died dying now there no home vaccination coronavirus cuba picture shows clothes died coronavirus china beijing shipping clothes africa an american ceo drew indian map comparing population indian state countries across world highlighting india indirectly handling covid crisis many countries a picture showing many hospital beds patients concentrated small area the caption states public health like brazil media never talked it president barack obama waited six months call swine flu emergency thousands died the men indias railway minister demanding money helpless workers walking tracks these doctors tijuana taking nap floor hospital photo mannequin wheeled hospital shows covid cover up four people died zanzibar handling chicken infected covid post says no one died coronavirus united states video showing muslim man throwing notes spread coronavirus industrialist rat an tat as view economic downfall due covid if hold breath seconds not fibrosis therefore no infection picture text english describing method hydroxy chloroquine cures virus it happens treatment used radiation sickness senegalese doctor says chloroquine secret low number deaths covid senegal medical report hospital general universitario santa lucia de santiago cartagena murcia person possible coronavirus the nba asking president donald trump resign well never play again image critically ill covid infected woman hugging child last time death every election year disease sars avian flu swine flu mers ebola zi ka coronavirus details three coronavirus positive cases reported ko th a pet hyderabad india all social media group admins requested close groups two days jo ao doria governor sao paulo caught covid isolated he also took chinese vaccine tested brazil an insta gram post claims microsoft founder bill gates said people could die covid vaccine priyanka gandhi started buses help migrants travel covid lockdown a claim made india found cure coronavirus saddam hussein talked coronavirus cabinet army nineties he said america threatened spread virus not follow command a photo shared hundreds times facebook twitter alongside claim shows nurse a polo gi sing muslim man blamed muslim community spreading covid india the posts claim nurse forced apologise local politician a document talks benefits wine prevent coronavirus pregnant women must undergo caesarean section pandemic all us citizens entitled usd per week stay home avoid spread covid novel coronavirus starting a picture quote attributed bill gates stating the vaccine not safe let us get quickly anyway worry consequences later,FALSE,twitter
our physical battles do not require foreign hazardous components and injections stop work.,FALSE,instagram
bude s onide steroid used asthma inhalers cure covid,FALSE,news
the second pandemic took over rome there never virus people got sick flu vaccine changes everything plan population cost reduction,FALSE,twitter
and mass vaccination covid senegal started yesterday when first as children were received died spot,FALSE,twitter
for example successful vaccine identified whos strategic advisory group provide recommendations appropriate fair use the allocation vaccines proposed rolled two phases covid,TRUE,twitter
harvard mit scientists have self administered diy anti covid vaccine patients without fda authorization,TRUE,twitter
vaccines killed  people united states,FALSE,news
individuals get covid vaccination still need practice infection prevention precautions keep mask on continue staying least  feet people outside household notice vaccines not stop coronavirus entering body prevent developing moderate severe covid its not yet clear people vaccinated covid still carry transmit virus even dont get sick,TRUE,news
the person who kills the person tests the vaccine,FALSE,instagram
if refuse the vaccine refused hospital treatment obtain a covid,FALSE,reddit
1994 covid vaccine trial killed children of senegal,FALSE,twitter
after a volunteer at corona vac 3 chinese vaccine covid which tested brazil reported severe acute fevers story published at marie claire magazine,FALSE,twitter
the new nih of s announced launching flurry large clinical clinical trials test on new approaches treating covid the effort aims develop integrated public to private coordinated trials approach before prioritizing speeding development treatments vaccines with via,TRUE,twitter
sanitation worker dies hours getting covid vaccine,TRUE,news
"trump creditors are trying to get a vaccine, but it's nothing.",TRUE,instagram
parents today join cdc s live qa mpa pm et ask questions importance staying date essential childhood vaccines covid outbreak visit cdc s insta gram story here,TRUE,twitter
"as long as i recommend the vaccine, that's a great question. the data is not yet valid for previously infected people. innate immunity varies from person to person. vaccine-induced immune source",TRUE,instagram
theres  different coronavirus vaccines undergoing clinical trials russia i th person whos tested gamcovidvac,FALSE,twitter
the influenza vaccine the flu zone deadly pneumonia covid,FALSE,twitter
nine pence of getting covid on death shot cap still on these people transparent,FALSE,news
the goal mechanism by deliver the least billion effective doses safe effective vaccines end as governments would invest trillions to economic in stimulus covax facility which offers huge return investment of covid,TRUE,twitter
pro fa uci says rushing any covid vaccine could jeopardize testing with others,TRUE,twitter
however a small dna vaccine recently shown would work for rhesus monkeys exposing vaccinated monkeys covid less potent virus lungs read study gt,TRUE,news
the pandemic must promote catalyst for taking influenza vaccine in preventable diseases seriously there vaccinations of p as neum oc occ l al disease s influenza yet uptake older people and at risk population categories places pretty poor poor,FALSE,twitter
india fights cancer corona bir or ac system supporting covid and vaccine development project facilitating establishment on rv sv vaccine manufacturing research platform first time india national program bio p mission harm a mission backhand index pointing right stay safe india will eventually win,TRUE,twitter
covaxin indias indigenous covid vaccine developed collaboration niv preclinical studies small large animals successfully completed phase  human clinical trial completed phase  human clinical trial ongoing,FALSE,twitter
elisa to grana to year old first woman get the vaccine from covid died,FALSE,twitter
great news caron a virus vaccine ready able cure patient within  hours injection hats us scientists trump announced roche medical company launch vaccine next sunday millions of,FALSE,twitter
bill albert gates profits vaccination wants to reduce worlds birth population,FALSE,twitter
only if foreign person exposed covid vaccinated body or able recognize this virus produce antibodies defenses attack fight it,TRUE,news
dispels doubts raised failure one vaccine clinical trials says trials continuing expert committee reappraisal no significant mutation sarscov india icmr actively exploring salivabased test covid india,TRUE,twitter
chinese not taking western medicine vaccine corona virus since they stopped going into hospital they tried instead to kill virus on heat very hot steam inhalation kettle times of day hot gargles times day hot tea times day corona virus dies next day result c ve,FALSE,twitter
russians health minister announced starting october  country would share covid vaccine allies including venezuela,FALSE,twitter
were working vaccine manufacturers provide countries join effort timely equitable access vaccines licensed approved this doesnt pool risk also means prices kept low possible covid,TRUE,twitter
video shows russian doctors celebrating new covid vaccine,FALSE,twitter
bbi bpc or v in activated vaccine,TRUE,news
pakistan government says china s s in op post harm vaccine not against effective people years,TRUE,news
 remember trump usurped vaccine industrial complex several months before pandemic appeared i do do understand yet new technologies utilized covid vaccine i do drain the swamp,FALSE,twitter
since beginning pandemic outbreak accelerating development equitable knowledge access vaccines to diagnostics and therapeutics and covid priority who already who made remarkable progress,TRUE,twitter
french i do not think so i know the symptoms can last month two uid viruses infected,TRUE,instagram
this interim analysis phase  trial gam c ovid vac showed  efficacy covid well tolerated large cohort,TRUE,news
bill gates make  billion vaccines,FALSE,twitter
three stories red circle tax breaking self tax isolation immigration made illegal red circle only set one protected covid first year anti vaccine was red circle trump commission nominate woman succeed ginsburg supreme court court,TRUE,twitter
we ran vaccinating two months their vaccine covid had not tested humans,FALSE,news
recent news media claims tuberculosis vaccine bcg may effective covid,FALSE,twitter
iran approved russia s sputnik v vaccine plans import produce it giving middle east s worst hit country tool fight spread covid,TRUE,news
vaccine availability increased significantly cold dose chain loading points established since their introduction evin along time significant weight reduction vaccine wastage immunization for hiv all family vaccines work fully immunize almost every child,TRUE,twitter
because no who clause dutch state primary and schools allowed and vaccinate children without parents consent,FALSE,twitter
the  members facility joined  low middleincome economies eligible support procurement vaccines covax advance market commitment financing instrument aimed supporting procurement vaccines countries,TRUE,twitter
as both russian covid time vaccine fa uci were among doubters,TRUE,twitter
outbreaks before slaughter houses due infections false pcr testing tests negative pcr test to show positive results coronavirus es cattle livestock vaccines cattle,FALSE,twitter
global coordination ensure covid vaccines distributed basis need most it also sp,TRUE,twitter
mrna vaccines cannot alter all persons dna mrna vaccine never actually enters nucleus of cell not can affect interact persons dna dna,TRUE,news
we announced award us government agency  million accelerate development mrna vaccine mrna novel coronavirus,TRUE,twitter
italian mp sara cunial says bill gates kills people vaccines terminator seeds behind covid pandemic,FALSE,twitter
co viva c in activated vaccine,TRUE,news
epi vac corona peptide vaccine,TRUE,news
the pfizer bi on tech covid vaccine messenger rna mrna vaccine synthetic chemically produced components enzymatic ally produced components naturally occurring substances proteins the vaccine not contain live virus its inactive ingredients include potassium chloride mono basic potassium phosphate sodium chloride di basic sodium phosphate di hydrate sucrose,TRUE,news
a study proved  pcr s tests false positives detected viruses say its sars cov,FALSE,news
security demonstrators involved protesting under masks vaccines coronavirus lockdown measures clashed police central in london for a latest covid visit backhand index pointing at right,TRUE,twitter
cant make vaccine works influenza no vaccine rsv cant cure cancer but sure heck make vaccine  months illness still dont understand hows koolaid taste,FALSE,twitter
those lower immune systems  difficulties accept vaccine efficacy covaxin n covidshield r good enough warm countries,TRUE,youtube
these low immune system problems make the vaccine useful.,TRUE,youtube
from the moderna pfizer its bi on tech initiative covid vaccines killed hundreds 000 people all united states,FALSE,news
others will always replicate the virus cultivated in you immunity weakened cvs system symptoms of abnormal respiratory disease yes the virus disappears in a short period of time experts listen to taking the vaccine vaccines always get a better time and keep your family safe,TRUE,instagram
bill gates said thousands more people die from covid vaccine,FALSE,twitter
eating roasted orange brown sugar restore sense taste recovered covid,FALSE,news
india recorded new strain positive covid cases deaths ic mr directs institutes conducting clinical trial trials negative co vax reported in indias world first potential experimental coronavirus vaccine fast track fda approvals aim 2015 launch 2017 august coronavirus detection facts covid,FALSE,twitter
israel found cure from vaccine coronavirus,FALSE,twitter
it stay get it vaccine therefore right continue grow in capacity within system home secretary also explains the government continuing grow testing business capacity manager kay burley,TRUE,twitter
the fastest route ending covid pandemic amp accelerating globeshowingEuropeAfrica economic recovery ensure people vaccinated countries not people countries unga un,TRUE,twitter
iver of tm ect in sic officially recommended nh h i sic among us after treatment after covid,FALSE,news
rock legend beats heart bug rolling them stone what vaccine for cv keith holds key testimony to the virus vaccine rock and roll vaccine,FALSE,twitter
a whatsapp forward claims covid vaccine ready announced us president donald trump launched next sunday it also claims vaccine discovered us scientists cure covid infected patient within  hours with whatsapp forward alleged image vaccine also shared,FALSE,twitter
china invented the covid vaccine,FALSE,instagram
claim top ranking georgian health ministry official gamkrelidze has said covid vaccine available from georgia several 4 weeks,FALSE,twitter
king people die everyday sudden thing die corona virus people not die cancer anymore apparently thats disappeared like every illness all see corona virus this massive agenda when i say i sarcastic sorry everyone dying many things everyday put one thing blame people not wanting vaccine something massive scam open mind eyes actually look is lie you allowed freedom every topic ever known one thing not allowed voice opinion on gets removed deleted hidden away course huge agenda clearly working people dumbed much why cannot find anything goes covid cannot opinion theory want disbelief it eh ruin big plan wake up,FALSE,instagram
those lower risk immune systems experience difficulties accept vaccine with efficacy covaxin 6 n covidshield 2 r good in enough warm countries,TRUE,youtube
together also established covax facility give participating countries access worlds largest diverse portfolio covid vaccine candidates unga un,TRUE,twitter
a vaccine cures covid three hours released next sunday according president donald trump roche already produced millions vaccines,FALSE,twitter
now people tell years later say we no vaccine,FALSE,twitter
 potentially selffinancing countries submitted nonbinding expressions interest covax joining  lowamp middleincome economies allow equitable access covid vaccines together represent gt globewithmeridians s population backhandindexpointingright,TRUE,twitter
claim covid around long time photo animal vaccine labeled coronavirus,FALSE,twitter
canberra australia s regulator tuesday approved astrazeneca vaccine second use covid or pfizer s trial product available australia next one week watch it given us two doses three weeks notice apart then astra zen mercury ecas be administered two five doses weeks apart,TRUE,news
"you have failed to mention one important detail: oxfordsterznica vaccine trials are included in every test in each article. az ignores the chances of a vaccine account from asymptomatic infections, especially russia sputnik. it is clear that it is more effective than symptomatic infections, but i don't think oxford has claimed an average rate of efficacy for test results. is about which he has clearly said that i read the utility",TRUE,youtube
video bible states new coronavirus going up change dna makes young people receive sick,FALSE,news
in april 1994 who commission amp development partners established access the covid tools accelerator speed based development system amp manufacturing vaccines reed diagnostics australia amp therapeutics ensure australia fair healthcare amp equitable access countries ung a un,TRUE,twitter
american coronavirus vaccine killed five ukrainians,FALSE,twitter
you cannot pfizer vaccine allergic penicillin,FALSE,news
key cap digit three we must move heaven amp earth ensure equitable access diagnostics therapeutics amp vaccines we continue call countries use every tool disposal suppress covid transmission amp save lives amp vaccine ung a un,TRUE,twitter
barack up obama once urged africans reject covid and vaccine produced united states europe,FALSE,twitter
a facebook post claiming million of people including died from second cross wave spanish flu got vaccine the post then compares situation new york coronavirus warns people over getting vaccine over covid ready,FALSE,twitter
claim coronavirus vaccines not in new definition canine coronavirus vaccine since,FALSE,twitter
the best thing internet brought upon giving people voice the worst thing internet brought upon giving people voice,TRUE,reddit
friends treatment coronavirus found indian scientists bitter gourd juice cure within two hours consumption send message across india matter life thank bihar health depart men,FALSE,news
when covid vaccine available public no ones sure yet target sometime early ,TRUE,news
"no, others also have the virus re-infected inside you. whenever the immunity is compromised, there are symptoms of abnormal respiratory distress in the cv system. yes, the virus goes away. once again, the infection occurs. please listen. experts take the vaccine i do not ask blindly the result of open-minded research wait for us the real side effects population vaccines always have a better time keep the family safe",TRUE,instagram
facewithtearsofjoy facewithtearsofjoy facewithtearsofjoy facewithtearsofjoy biggest scam history no flu deaths no pneumonia deaths no influenza deaths covid facewithtearsofjoy facewithtearsofjoy facewithtearsofjoy what the fuck it takes years come vaccine ever goes market yet sudden   months life saving vaccine facewithtearsofjoy vaccine killed people  healthy doctor south florida caused bells palsy others safe vaccine facewithtearsofjoy facewithtearsofjoy facewithtearsofjoy facewithtearsofjoy facewithtearsofjoy facewithtearsofjoy facewithtearsofjoy gtfoh bs,FALSE,instagram
deadly virus,FALSE,instagram
we announced collaboration ir o us fill in finish manufacturing covid killer vaccine candidate read signal here reads mrna,TRUE,twitter
australia one therapeutic dexamethasone trial already proven effective across patients following severe adverse amp critical drug covid others proven nearly ineffective amp still others trials and debate around vaccines development including human pilot trials,TRUE,twitter
covid vaccines use novel technologies never tested by humans,FALSE,news
evin in india streamlining vaccine flow network making powerful public contribution contributions towards diabetes strengthening indian health systems well ensuring total equity easy availability timely affordable availability vaccines children immunization for all vaccines work quickly fully immunize of every child,TRUE,twitter
run u of veronica isabel costa senior staff program nurse kur dar mito dhaka la general hospital dhaka the first person bangladesh get shot covid bridge vaccine the country begun trial programme run vaccination program,TRUE,news
fact checking experts has found israel already discovered covid vaccine,FALSE,twitter
theres no evidence american covid vaccine killed  ukrainians the claim comes site known disinformation,FALSE,twitter
12 to ensure your healthy life child parents dont to miss scheduled vaccination when due ongoing covid situation and while doctors take the extra precautions avoid getting coronavirus infections for more details need visit ic mr fights c ovid,TRUE,twitter
wearing masks turn blood acid to contributes lung cancer cancer,FALSE,news
z f recombinant vaccine,TRUE,news
already healthy young adolescents who make realistic changes the overall infection of the whole body soon to be associated with vaccination immune system animal trials death vaccine sees stork,TRUE,instagram
phase covid with vaccine trials since launching july expert says,TRUE,twitter
the pfizer bi on tech covid vaccine messenger rna mrna vaccine synthetic chemically produced components enzymatic ally produced components naturally occurring substances proteins the vaccine not contain live virus its inactive ingredients include potassium chloride mono basic potassium phosphate sodium chloride di basic sodium phosphate di hydrate sucrose,FALSE,news
the nhs fastest route ending covid and pandemic africa amp accelerating globe coverage showing europe africa positive economic recovery uk ensure people is vaccinated nation countries not people countries ung and a un,TRUE,twitter
more  potential vaccines covid study via,TRUE,twitter
covid vaccine may cost how much accessible americans,TRUE,twitter
hn holds lessons efficient delivery covid vaccination,TRUE,twitter
ask how vaccine trials performed... this short video explains,TRUE,twitter
news first people receive russian coronavirus vaccine able run m ten seconds,FALSE,twitter
in uk also ask allergies its found allergies react badly it pfizer one least,TRUE,reddit
it also includes state emergency laws declarations disability quarantine measures disease surveillance legal measures incidents relating mask wearing programs physical exercises distancing access medication mandatory vaccines covid,TRUE,twitter
bill gates supporting oral covid vaccine research in visited southern new zealand may,FALSE,twitter
new vaccine help cure advanced coronavirus three zero hours,FALSE,twitter
french i not think so i know symptoms may last month two infected uid  virus,TRUE,instagram
"as far as i'm concerned, vaccines are recommended even if people are already infected. the usefulness of the data is not a natural exception.",TRUE,instagram
a well-vaccinated record no one has access to a large database of personal information whenever it is changed.,FALSE,reddit
in india  covid vaccine clinical trials underway the oxford universityastrazeneca covid vaccine collaboration serum institute india sii undergoing phase iii clinical trials britain brazil south africa amp india remaining two indigenous ,TRUE,twitter
mexico better get mn as russian sputnik v virus vaccine a doses,TRUE,news
medical director phe dr yvonne doyle says covid flu very risky situation encourages people invited flu vaccine it kay burley live updates,TRUE,twitter
based in biden has s attacks trump covid vaccine which several doctors claims generally accurate power line predictions experts who however exaggerated accused trump administration not plan,FALSE,twitter
and ali baba group founder jack la ma gave us million filipino student developed vaccine to novel lambda coronavirus,FALSE,twitter
also fa uci says rushing to covid vaccine could jeopardize health testing of others,TRUE,twitter
a web poll which readers then would get coronavirus and vaccine soon its available half would first year,TRUE,twitter
america found vaccinating cattle bears coronavirus years yet news agency tells its new gunn and a golden kill go buy a mask,FALSE,twitter
trump says coronavirus task team force must keep working indefinitely focus vaccines when reopening health taskforce,FALSE,twitter
of india india india in india c ovid peptide vaccine trials underway the d cgi study permitted serum institute throughout india sii conduct phase trial c vaccine developed at oxford pharmaceutical university international india,TRUE,twitter
so a specific coronavirus vaccine may still not necessarily answer via coronavirus in context,TRUE,twitter
tiffany dover nurse tennessee united states fainted receiving first dose pfizer bi on tech covid vaccine dead,FALSE,news
its happened alot s children poor countries left wrecked gates experimental vaccines  who is evil who murder millions by abortion  genocide health care  sick people,FALSE,instagram
after hydroxy chloroquine treatment did not reduce covid or mortality risk under dosing against wrong patients,TRUE,news
the best cold vaccine,FALSE,instagram
with an update it i feeling receiving first dose a covid vaccine last friday no associated side effects initial release pain at injection site no arm sore little bone stiff couple days similar i get flu shot overall feeling good,TRUE,news
if they re going vaccines i should think relatively soon,FALSE,twitter
she a what s app music video features rabbi dan ben ami avr a ham international and president sharon net zar it a ami alliance according twitter with in video rabbi says from the current israeli minister the health officially declared israel coronavirus vaccine and israel virus vaccine already,FALSE,twitter
since the democrats pushing the implanted microchip humans everyone had vaccinated,FALSE,twitter
bill gates says has not choice if vaccinated not,FALSE,twitter
oxford variation covid and vaccine efficacy south african variant some study suggests,TRUE,news
video states new coronavirus going change dna makes  people receive sick,FALSE,news
the democrats pushing implanted microchip humans everyone vaccinated,FALSE,twitter
with demonstrators protesting masks controversial vaccines coronavirus technologies lockdown measures clashed local police central london demand for latest covid visit backhand index is pointing right,TRUE,twitter
a 3 month later covid inoculation commercial drive also kicked tamil nadu as beneficiaries and allowed villagers choose two vaccines co vi shield co vax in,TRUE,news
ecuador find cure after coronavirus,FALSE,news
at gates scientific foundation stands make nearly billion coronavirus and vaccine uk,FALSE,twitter
i hear flu vaccine closer  effective depending on the year no,TRUE,instagram
the pfizer moderna covid vaccines use lipid nanoparticles deliver mrna load cells,TRUE,news
now its plague,FALSE,youtube
was there realistic change induce autoimmune infections response mrna vaccination rate in israel for already healthy young man is less 10 years overall infection on whole human body shortly vaccination see also overreaction for immune recovery system animal trials mrna vaccine sars,TRUE,instagram
then barack obama warned black africans coronavirus vaccines,FALSE,twitter
news of scientists were urged divert attention away coronavirus pneumonia vaccine create of pillow stays cool night,FALSE,twitter
vaccination harmful people recovered covid,FALSE,news
theyre working sars vaccine since first sars outbreak  covid called sars  reason extremely similar og sars getting funding vaccine researchdevelopment normally painstakingly long difficult process thus research normally takes years years when entire world working towards developing one vaccine essentially unlimited funding go quick do research edit must not eat processed foodsdrinks then gatorade mountain dew etc know close nothing long term effects preservatives literal chemicals fake sugar many drinks even half lives nominated vegetable oil,TRUE,reddit
or covid vaccines killing so many people according data va ers management system,FALSE,news
baba ram dev launches patanjali s evidence based medicine covid,TRUE,news
currently over 30 countries engage covax plus facility covid vaccine global access facility designed into guarantee rapid fair amp time equitable free access life saving vaccines from every over country globe with meridians rich amp poor halt to spread pandemic vaccines worldwide,TRUE,twitter
in video italian representative sara cunial tells truth bill gates control world population vaccines medical experiment,FALSE,twitter
israeli hospital claims developed covid cure drug trial shows  positive result,TRUE,news
in his new interview fox president eric trump suggests india could early stage access covid vaccines then developed us since pm a modi accepted request and h the cq,FALSE,twitter
president donald trump announced vaccine roche diagnostics,FALSE,twitter
good news wuhan s corona virus cured by one bowl freshly boiled garlic water old chinese doctor proven efficacy many patients also proven effective   cloves chopped garlic s add cups water bring boil eat drink boiled garlic water overnight improvement healing glad share this ct to,FALSE,news
the russian covid vaccine basically leapfrogged dozen vaccine candidates along process might work maybe has shown safe effective not usual rules heres others stand,FALSE,twitter
africa on video unidentified woman warns africans not accept used vaccines china claiming chinese government only wants kill african african population fake used vaccines she writes says seven children died senegal given the fake vaccine with china,FALSE,twitter
news first people receive russian as coronavirus vaccines vaccine able and run m ten seconds,FALSE,twitter
achilles tends to get sick the day after the vaccine and then dies,FALSE,instagram
a whatsapp video features rabbi dan ben avraham international president netzarita ami alliance according twitter in video rabbi says the israeli minister health officially declared israel coronavirus vaccine and israel vaccine already,FALSE,twitter
used coronavirus disease... caused many bacteria cured household painkillers,FALSE,news
"trump is trying to take credit pfizer's new covid vaccine, even if it's nothing poutingface poutingface poutingface",TRUE,instagram
covid or vaccine cost much accessible by americans,TRUE,twitter
coronavirus covid mild pain severe irritation respiratory illness local symptoms including fever with difficulty in breathing and coughing headache sore throat these develop pneumonia,TRUE,news
a dozen consortium countries booked 8 billion doses co vax investment in,FALSE,news
the final goal covax end deliver 200 billion doses now safe in effective covid line vaccines delivered equally by participating countries proportional populations,TRUE,twitter
bucket kevin spanish flu propaganda cover millions soldiers died military vaccines wwi war trauma radiation effects hysteria lots aspirin overdose people thought would protect them,FALSE,twitter
president donald trump tweeted coronavirus vaccine israel stock market up economy even stronger now besides us israel best inventions judaism olives wonderful vaccine stop corona dead around world cannot make vaccines bombed not possible without peace i created israel,FALSE,twitter
covax global initiative working countries international partners vaccine manufacturers provide countries equitable access safe effective covid vaccines backhandindexpointingright,TRUE,twitter
"trump creditors are trying to get a vaccine, but it's nothing.",TRUE,instagram
india india all efforts progress program worldwide toward vaccine development various vaccine stages development in india covid to vaccine trials underway the c d cgi permitted serum research institute across india sii who conduct phase trial trials vaccine developed under oxford uni,TRUE,twitter
meanwhile continuing work partners to act in accelerator covax project facility can ensure vaccine available and available equitably countries with covid,TRUE,twitter
combined news from latest polls show only fifty two square percent britons refuse take coronavirus vaccine,FALSE,twitter
more one covid vaccine and likely more needed,TRUE,twitter
our estimates suggest effective covid vaccine distributed international travel trade fully restored economic gains far outweigh  billion investment required act accelerator unga un,TRUE,twitter
multiple facebook posts shared hundreds times claim bill gates ultimate goal microchip covid vaccine create virtual ids the posts also claim billionaire philanthropist new zealand may june  to test trial covid vaccine,FALSE,twitter
the proteins produced trigger human body make of antibodies special proteins fight specific virus infection defenses,TRUE,news
between    girls india became paralyzed gates sic vaccines,FALSE,news
we announced funding award accelerate development mrna vaccine novel coronavirus,TRUE,twitter
use for the example one successful vaccine identified of who s family strategic advisory group provide recommendations appropriate under fair use the allocation vaccines proposed rolled two phases at covid,TRUE,twitter
says president donald trump announce scientist finally found vaccine cure corona virus,FALSE,twitter
well studied biology would know viruses not cured obvious thing would put bit virus vaccine immune system fights comes back vaccine no bit virus what the f point even taking it please not pro vaccine please good,FALSE,instagram
it difficult put exact in date availability covid in vaccine however union health coordination minister recently stated indias first such vaccine novel and coronavirus have could have developed end year,TRUE,twitter
covid no evidence vaccines affect fertility says new guidance,TRUE,news
it will sports events concerts school require proof vaccination many jurisdictions,FALSE,reddit
misleading claim about vaccine ingredients the first reason baker gives not get vaccinated ingredients vaccines you wouldnt give kid shot th ime rosal aluminum aborted fetal tissue chicken eggs embryo  wouldnt argues,FALSE,news
"trump tries to take credit pfizer's new covid vaccine, although nothing pout it pout pout",TRUE,instagram
2006 dr v f k k sri niv as vicepresident bharat v h india biotech company he taking first injection covid vaccine they confidence current product,FALSE,twitter
in chronic cardiac diseases morbid type i ties disease like cardiac neurological pulmonary metabolic renal malignancies etc or not contra indicated in any fact high benefit added covid vaccines reduce risk of severe epidemic covid disease death com or bidi ties,TRUE,news
covid means sex certificate identification or vaccination control artificial intelligence,FALSE,twitter
vaccine solidarity control trials also underway many countries once projects complete controlling on covid effectively easier due the availability proper generic medicines science vaccines etc control various infectious diseases across usd world,TRUE,twitter
new study involved the flu vaccine and significantly associated increased in risk coronavirus,FALSE,twitter
trump says would mobilize military distribute for coronavirus vaccine with its as ready,FALSE,twitter
vaccines black magic magic cancer,FALSE,news
beijing attempts force sri lanka approve vaccine indian co vi shield reach colombo,TRUE,news
the drugs controller general india dcgi also permitted two indigenously developed vaccines covid one developed bharat biotech international ltd collaboration another zydus cadila healthcare ltd phase i amp ii clinical trials,TRUE,twitter
used to both ensure healthy life child dont miss routine scheduled emergency vaccination procedure due ongoing covid situation while attending doctors take extra careful precautions could avoid getting coronavirus for details to visit ic mr h fights c ovid,TRUE,twitter
while uk tries control virus virus taken country control,FALSE,youtube
an early eu publication falsely claims italian medicine doctor never died receiving second dose pfizer vaccine,FALSE,news
die in norway while receiving the pfizer covid vaccine,TRUE,instagram
in the india its major focus facilitating development covid a vaccine more vaccine candidates h,TRUE,twitter
flu vaccine deadly disease coronavirus,FALSE,twitter
the proteins produced trigger body make antibodies special proteins fight specific infection defenses,TRUE,news
us secures  million doses potential astrazeneca covid vaccine,FALSE,twitter
no virus deaths covid israel cure virus made lemon vinegar baking lemon soda,FALSE,news
a vaccine  novel coronavirus found no deaths due coronavirus,FALSE,twitter
a 2017 new vaccine cure coronavirus developed us government scientists,FALSE,twitter
there realistic change induce autoimmune reaction mrna vaccination in israel already healthy young man less years total infection whole body short vaccination see also overreaction immune system animal experiments mrna vaccine sars,TRUE,instagram
a woman died seconds taking covid vaccine,FALSE,news
as today nine covid vaccine candidates already covax portfolio going phase   trials portfolio  already broadest world  constantly expanding,TRUE,twitter
vietnam recorded no deaths covid due widespread consumption hot lemon tea population,FALSE,news
mrna modified rna,FALSE,instagram
elisa granato yearold first woman get vaccine covid died,FALSE,twitter
 kids died senegal right receiving vaccine coronavirus,FALSE,twitter
die norway receive pfizer covid vaccine,TRUE,instagram
at about present current nine total vaccines part dynamic healthcare portfolio constantly reviewed optimised ensure customer access best possible product range products covid,TRUE,twitter
covax groundbreaking way pool ramp d amp procurement risks across multiple vaccines it enables countries place collect a EUR,TRUE,news
the vaccine with new zealand coronavirus existed since,FALSE,twitter
our partner supporting candidate covid vaccines and made them available for covax facility as successful potential clinical trials were also in discussions promising vaccines,TRUE,twitter
bill gates expelled india due polio vaccines,FALSE,twitter
"assuming that masks help, they do not help to promote fear",FALSE,instagram
people trying become pregnant might plan to try future get poorly vaccinated vaccines not allowed infertility no government reported health evidence showing otherwise,TRUE,news
mrna modified rna,FALSE,instagram
scientists expressing especially cautious optimism coronavirus and vaccine ready go late spring although since its unclear much what longer would take for distribute vaccine properly widely,FALSE,twitter
there s 3 different c coronavirus ii vaccines undergoing clinical human trials russia i th k person who s r tested gam c ovid vac,FALSE,twitter
family live talking covid a vaccine transmission they join us ask questions for own,FALSE,twitter
there realistic change induce autoimmune reaction mrna vaccination in israel already healthy young man less years total infection whole body short vaccination see also overreaction immune system animal experiments mrna vaccine sars,TRUE,instagram
no others the virus incubated inside you reproduce at any time compromised immunity cvs system abnormality symptoms of respiratory disorders develop yes virus disappear short period be infected again please listen to the experts take the vaccine i am not asking blindly take it keep an open mind research let us wait for results real side effects population vaccines are always more effective in keeping the family safe,TRUE,instagram
thousands volunteer infected coronavirus hopes accelerating vaccine,FALSE,twitter
when north korea hacked pfizer they steal the covid vaccine data,TRUE,news
the israel sends that help china wuhan cure from patients because the new vaccine white coronavirus brought cured patients far,FALSE,news
and people like dr richard eric coe jumping by chance help test coronavirus vaccine,TRUE,twitter
since beginning pandemic accelerating development equitable access vaccines diagnostics therapeutics covid priority who already made remarkable progress,TRUE,twitter
oxford coronavirus vaccine safe induces strong immune response early trial results suggest,FALSE,twitter
interventions in its absence vaccine prevent health covid time focus non pharmaceutical interventions using face masks physical distancing frequent practice hand washing join talk ongoing conversation live movement backhand index pointing face down finger medium skin tone,TRUE,twitter
india india abroad india in india zone c ovid virus vaccine trials are underway the international d to cgi and permitted serum institute india sii conduct phase trial vaccine developed oxford english university india,TRUE,twitter
"i still don't know if anyone has died, people want to get the test voluntarily",FALSE,instagram
corfu doctor paralysed second covid jab first information says no link vaccine,TRUE,news
three stories redcircle breaking selfisolation made illegal redcircle only one  protected covid first year vaccine redcircle trump nominate woman succeed ginsburg supreme court,TRUE,twitter
hydroxy chloroquine homemade treatment covid,FALSE,news
among only five regional countries world made their covid vaccine indias vaccine effective one,FALSE,news
would it take your vaccine death rate versus feel safe virus death rate,FALSE,twitter
man fainting receiving covid vaccine indonesia s west nusa tenggara province,FALSE,news
pfizer bi on tech covid vaccine authorized recommended persons  years age older,TRUE,news
thailand cures coronavirus anti hiv drug  hours the doctors combined anti flu drug oseltamivir lop in avi r rito navi r antivirals used treat hiv,TRUE,news
a heath risk worker draws gam virus c or ovid vac also known sputnik v the covid type vaccine main vial post doctor registration phase trial city clinic moscow russia wednesday sept 2008 photographer as andrey ivanov rud a kov bloomberg,FALSE,twitter
nurses less likely receive covid vaccine according new meds cape survey,TRUE,twitter
hi matt dont suppose could tweet drum volunteers oxford university chloroquine hydroxy chloroquine trial could potentially prevent covid fraction cost and risk vaccine,FALSE,twitter
bharat biotechs covid vaccine available market  august according letter icmr fasttracking clinical trials vaccine,FALSE,twitter
a nurse called khali lah mitchell developed bells palsy receiving covid vaccine,FALSE,news
israeli scientists developed covid vaccine,FALSE,twitter
"well-studied biologists will know that the virus does not heal, but it is clear that a little virus vaccine fights the immune system back into the fight, the vaccine does not come with a bit of virus that can carry even the f point. after, please, please, not good.",FALSE,instagram
bill gates personally profit covid vaccine owns company plans implant microchips everyone,FALSE,twitter
only chinese vaccination to be test covid protein has not arrived in much africa and started now in burundi ugandan s get ready its a matter of life suffering and death why not in their own continent america or southern europe,FALSE,news
covax commitments include agreements  economies well commission procure covid vaccine doses behalf  eu EuropeanUnion member states plus norway Norway iceland Iceland,TRUE,twitter
the coronavirus changing but vaccines designed help body recognize based multiple parts virus,TRUE,news
canberra australia s regulator tuesday approved astrazeneca vaccine second use covid pfizer s product available australia next week it given two doses three weeks apart astra zen ecas administered two doses  weeks apart,TRUE,news
president donald stein trump announced roche charles medical company launch coronavirus vaccine worldwide sunday,FALSE,twitter
how vaccine trials performed this short video explains,TRUE,twitter
covax allows countries to whiteheavycheckmark share risks associated covid vaccine development whiteheavycheckmark invest manufacturing upfront vaccines deployed scale soon ready whiteheavycheckmark pool procurement amp purchasing power achieve sufficient volumes,TRUE,twitter
president donald trump announce scientist finally found found in vaccine that cure coronavirus,FALSE,twitter
health professionals recommend self medication drugs a zi th romy c in covid,FALSE,news
covid and vaccine asks priority for speed safety,TRUE,twitter
scientists expressing cautious optimism covid vaccine ready go late spring  although its unclear much longer would take distribute vaccine widely,FALSE,twitter
severe miscarriage reports proof with covid vaccine danger pregnancy,FALSE,news
bill gates creating vaccine covid would geolocate population,FALSE,twitter
world health organization who approved coro nil indian herbal medication covid treatment,FALSE,news
a tonic made onions ginger garlic lemon hot water cure covid,FALSE,news
funded in india india c ovid vaccine trial trials further underway the d cgi drug permitted serum treatment institute india sii conduct phase trial vaccine experiment developed oxford university india,TRUE,twitter
covid not real it part program massive depopulation  population the term covid actually means cert if ica do de ident if i cac ion de vac u naci on con intel i gen cia artificial certificate identification vaccination artificial intelligence,FALSE,news
data pfizer ceo monetizes million shares of trumpet covid vaccine his profit profit increases examples of social inequality ceo,TRUE,instagram
humans getting sick bioengineered coronavirus ones body reacting g coronavirus vaccine with rfid chip introduced cure disease called mark beast,FALSE,twitter
one therapeutic  dexamethasone  already proven effective patients severe amp critical covid others proven ineffective amp still others trials and around  vaccines development including  human trials,TRUE,twitter
astrazeneca working adapt covid vaccine new strains,TRUE,news
mrna vaccines strands genetic material called mrna inside special coating that coating protects mrna enzymes body would otherwise break down it also helps mrna enter dendritic cells macrophages lymph node cells near vaccination site,TRUE,news
covid are vaccines not genetically linked infertility via miscarriage,TRUE,news
chinese president xi jinping urging africans reject coronavirus vaccine killed animals tested,FALSE,twitter
correct decision forbes says vaccine use among plus reduce hospitalizations deaths,TRUE,news
canada criminalized alternative cv measures requiring rubber masks distancing as quarantining the vaccines,FALSE,twitter
indias serum institute seeks approval conduct local trial nova vax covid vaccine,TRUE,news
louisiana lady gets conclusions this day on after florida doctor died,TRUE,youtube
india india all programme efforts progress successfully worldwide on vaccine of development various stages development in india covid vaccine development trials underway the d cgi drug permitted serum institute all india the sii will conduct three phase trials vaccine developed oxford uni,TRUE,twitter
through common allocation framework covax ensure low or middle high income countries receive vaccine timely it way soon to supply vaccine safe more effective vaccine covid,TRUE,twitter
"kumarbandi cure aids dude once the customer treated the customer was lost, it was killed dr semi-treated appearance of how hundreds of people",FALSE,instagram
yesterday hhs released sec azar announced fda completed patient review in d application of mrna gene potential vaccine sars cov amp allowed proceed clinic trial on 6 feb st march clinical batch mrna vaccine shipped at nih clinical use phase study,TRUE,twitter
we forced vaccination fear virus greedy businesspeople around microsoft founder bill gates intend use implant microchip mankind order obtain total control,FALSE,news
the governor sao paulo contracted covid vaccinated sinovac biotech vaccine,FALSE,twitter
new vaccines killed people united states,FALSE,news
its plague now,FALSE,youtube
children missing routine vaccination regularly due a covid could lead far greater avoidable suffering under amp in death by pa,TRUE,twitter
former indian cricketer uttar pradesh cabinet minister chetan chauhan passed away due coronavirus related complications with  recoveries past  hours indias recovery rate coronavirus infection improves  coronaupdate vaccines,FALSE,twitter
guava leaf loss may cure prevent factor covid,FALSE,news
covid vaccines not made available from first most need countries key previous cap digit digit one new frontline workers key cap digit one older people key new cap digit one million sick vulnerable populations,TRUE,twitter
icy mi interviews by fda interim adviser does not believe effective 2 covid vaccine trials never completed end subscribe daily newsletter covid related news site amp updates links here to full story,TRUE,twitter
vietnam recorded no maternal deaths covid due no widespread consumption for hot lemon tea population,FALSE,news
a video claims bill gates made presentation cia covid vaccines modifying brain religious fanatics,FALSE,twitter
correct decision forbes says increasing vaccine use among plus programs reduce hospitalizations among deaths,TRUE,news
our medical director phe dr yvonne doyle says covid flu cause very big risky the situation encourages more people invited flu vaccine it is kay burley live with updates,TRUE,news
currently the working committee engage major stakeholders including state governments vaccine manufacturers india news,TRUE,twitter
a picture claiming bill gates vaccines would paralyzed k children india,FALSE,twitter
ive never chance work something thats highlevel silvina masciotra became interested biology high school now works white house coronavirus task force help states covid testing dyk your mask cover nose and mouth help protect others slow spread covid learn wear mask correctly wearamask doyourpart if youre planning stay friends family outside household evacuate storm talk best protect covid find safety tips here we must continue help slow spread covid loved ones future do part wear mask stay  feet away others wash hands learn more dyk holding talking baby great way support development find parenting tips visiting hcps electronic case reporting ecr reduces burden healthcare professionals amp facilities automating submission mandated case reports public health departments ecr provides complete data faster traditional case reporting do disaster plan family including pets event hurricane severe storm this year aware shelter location may changed check local authorities make plan storm covid wondering daily activities safely protecting amp loved ones covid to help getting vaccinated hepatitisb helps protect others getting infected learn get vac the covid pandemic raised many questions transmission virus causes covid aerosol scientists answer no ac times extremeheat prevent heatrelated illnesses drinking cold drinks taking cool shower bat wildfires spread quickly destroying homes putting lives danger take steps ready wildfire prepare salmonella outbreak do not eat serve sell recalled peaches packed supplied wawona packing company  people  states sick salmonella linked peaches for information cdc published updated fluvaccine recommendations  season  getting flu vaccine season general heading weekend make sure part following keycapdigitthree ws  blacksmallsquare watch distance eyes blacksmallsquare wear today recognize honor contributions senior citizens help older adults stay strong safe independent make summer  follow six tips stay active healthy safe the latest cdc covidview report shows percentage deaths attributed covid  although lower previous week  percentage epidemic threshold likely increase death certificates counted create go kit personal items cant without case need evacuate include hand sanitizer soap a as august  forecasts suggest  new weekly deaths reported week ending september  these data predict   total reported covid deaths us september  learn more condoms plus effective birth control method help prevent hiv stis unintended pregnancy only  high school students used approach last time sex dyk theres no data suggest mosquito tick bites spread coronaviruses the main way covid spreads person person learn more each region united states experiences climate change impacts health differently cdc helping local communities prepare regional health impacts climate change read cdcs new report rhode island child care programs followed reopening requirements limited interactions classes adults wearing masks limited spread covid read publichealth professionals have begun planning flu vaccination clinics fall see updated guidance help plan implement mass clinics including guidance physical distancing ppe enhanced sanitation parents children ages  years have missed wellchild visits covid on monday august  ask questions may essential childhood vaccines instagram qampa pm et clinicians this season highdose amp adjuvanted fluvaccines available quadrivalent formulation patients  these vaccines intended produce better immune response therefore better protection age group learn more thinking traveling before go consider following  is covid spreading destination  are mo drh smoking pregnancy increases risk health problems developing babies quitting smoking pregnancy be poison centers free available everyone call  text poison  save poison hel dyk high humidity make tougher body deal warm weather keep cool summer tips fro hivaids in  south nations highest rate new hiv diagnoses the souths larger geographically dispers does wearing mask mean dont practice social distancing the answer no wearing mask public a have recently recovered covid if confirmed positive test please consider donating bloodplasma help save general are planning trip beach your risk covid highest less keycapdigitsix ft people crow ncezid mosquitoes kill people animal planet you take simple steps protect fam this worldmosquitoday imagine world without malaria in video message shares cdc ha outbreak  people  states sick salmonella linked bagged peaches do not eat serve sell recalled wawonabrand bagged peaches sold aldi stores several states more info a new report shows mass testing  us prisons jails identified  times cases covid testing offered based symptoms alone learn more just released  youth risk behavior survey results latest health risks experiences among youth find data here cdcyrbs see fluvaccine recommendations doctors nurses pharmacists follow  flu season getting flu vaccine important ever help reduce strain healthcare system save medical resources new learn rigorous testing intake separating new incarcerated people groups likely helped prevent covid outbreak correctional facilities puerto rico learn more if youre planning stay friends family outside household evacuate wildfires talk best protect covid find safety tips here hcps dont miss todays cdc clinician outreach communication coca call  influenza vaccination recommendations clinical guidance covid pandemic  pm et covid was child recently diagnosed acute flaccid myelitis afm devastating uncertainties recovery read stories parents shoes get support afm community strongertogether afmawareness afm cancer dyk one many benefits breastfeeding lower mothers risk cancers learn b good news healthy people  objectives available  oralhealth objectives focus improving oral health acros tele started using opioids young age  today shares struggles road recovery hopes help wearing masks public help stop spread covid masks wont protect wildfire smoke limit y if travel take steps protect amp others covid  wear mask public  avoid close contact ot we role play preventing spread covid covidstopswithme need basic information stds you order free print copies cdcs the facts brochures available english sp,TRUE,twitter
new vaccine help cure coronavirus three hours,FALSE,twitter
this morning who directorgeneral dr tedros emphasised number vaccines clinical trials currently no silver bullet covid,TRUE,twitter
coronavac vaccine developed china tested brazil funded bill gates,FALSE,twitter
"the vaccine was not apparently given to people, but to people with deadly diseases like alzheimer's. humans weakened cancer patients' immune systems",TRUE,instagram
india fights corona principal secretary prime minister comprehensively reviews covid preparedness amp response unlock precautions amp preparedness key focus areas the stage vaccine development vaccine distribution plan also discussed stay safe ,TRUE,twitter
miscarriage reports proof covid vaccine danger pregnancy,FALSE,news
claim covid around long time photo animal vaccine labeled coronavirus,FALSE,twitter
nasal flu vaccine side effects not covid,FALSE,twitter
the covid future vaccine come id  mark the id tells everyone free covid,FALSE,twitter
pakistan deployed infrastructure built many years to polio combat covid and community patient health as workers trained and go mobile door to door vaccinating children utilized television surveillance contact tracing vet care,TRUE,twitter
there no evidence covid vaccine could sterility,TRUE,news
a video showcasing successful trials completed covid vaccine developed pgimer india,FALSE,twitter
a video shows bill gates admits vaccine no doubt kill  people,FALSE,twitter
india is denying brazil the supply of the oxford vaccine what will you do about it,FALSE,instagram
virus covid coronavirus double corona outbreak china tv expert the us us pushed vaccine more quickly means working way through pandemic host vaccine so experts conclude us virus possession not long ago,FALSE,twitter
remember trump usurped that vaccine industrial complex several months pregnant before a pandemic appeared of i don't do however understand yet what new technologies utilized covid vaccine i do never drain the sacred swamp,FALSE,twitter
the pfizer cat vaccine offered two doses,TRUE,news
the first test results moderna vaccine disappointing,FALSE,twitter
hydroxy chloroquine use not linked if heart rate failure or patients with 2 ra,TRUE,news
watch nurse pass your receiving covid food vaccine its safe though no right process this become mass genocide people who continue follow rabid terror dictators,FALSE,news
covid deaths lombardy due flu vaccines,FALSE,twitter
vietnam tests covid to vaccine mice,TRUE,news
seasonal influenza global vaccination mandatory nationwide georgia fall covid blood mortality rates significantly lower fatalities deaths caused of viruses,FALSE,twitter
its d cgi gives nod bharat biotech conduct phase 2 i amp division ii human and clinical clinical trials develop the indigenous vaccine covid,TRUE,twitter
claim supermarket workers required flu vaccination face dismissal,FALSE,twitter
sometimes it normally includes state health emergency program declarations quarantine measures disease surveillance methods legal exclusion measures relating health mask wearing physical distancing access medication vaccines covid,TRUE,twitter
a poll tells readers it would get coronavirus vaccine soon because its available in half would first year,TRUE,twitter
propaganda,FALSE,youtube
covid vaccines alter genetic code cancer,FALSE,news
1993 pfizer withdraws application emergency use covid vaccine allows india,TRUE,news
less  doses co vax in  homegrown covid vaccine  used many  indian states ut s six provinces didnt use single dose co vax in according official vaccine distribution data,TRUE,news
covid vaccine deals works candidates producers says union health minister interview  india,TRUE,twitter
there no vaccine microchip see vaccine not track people gather any personal health information have database,TRUE,news
i'm pretty sure people are being pushed to make a lot of rules already the payments around immunization kids can't go to school,FALSE,reddit
side effects appear second dose pfizer vaccine,TRUE,news
maybe i wasnt clear statement i meant relation viruses like herpes hiv many others exposure  stay dormant body forever  emerging later date,FALSE,instagram
i covid no evidence vaccines affect male fertility says no new guidance,TRUE,news
in global the race covid nine leading vaccine technology developers pledge uphold scientific clinical standards,TRUE,twitter
french i should not think so i already know symptoms may last month the two rats infected uid virus,TRUE,instagram
over countries engaged develop new covid licensed vaccine facility candidate vaccines evaluation clinical trials giving our largest diverse donors covid vaccine development portfolio world backhand cost index is pointing right,TRUE,twitter
elisa granato died shortly administered trial vaccine covid,FALSE,twitter
once flu vaccine cannot return false positive covid this latest coronacheck not believe misinformation internet watch coronacheck instead coronavirusfacts datoscoronavirus,FALSE,twitter
more  potential vaccines covid study via,TRUE,twitter
a team medical trainees jkuat a university kenya developed tested vaccine successfully,FALSE,twitter
italy opened concentration camps confine children plagued virus,FALSE,news
just case not wondering how much media is controls people america vaccinating cattle coronavirus 20 years yet news site tells its owners new gunn is a kill a go buy mask,FALSE,twitter
the bill gates claims announces new vaccinations on mandatory all,FALSE,twitter
covid vaccines short fever headache fatigue sore arm chills especially second dose other reactions extremely rare,TRUE,news
"i'm encouraging a lot of people, before they get paid enough. vaccinated children cannot go to school.",FALSE,reddit
this very dubious science-fiction conspiracy theorist is being vaccinated against the evil government is tracked,FALSE,reddit
an article claiming bill gates vaccine would modify human dna,FALSE,twitter
the fastest route ending covid pandemic protein amp immunity accelerating globe race showing by europe to africa economic recovery we ensure people live vaccinated countries not people living countries b ung a un,TRUE,twitter
clinicians do questions safely administer vaccines covid outbreak check cdcs latest guidance vaccine planning covid pandemic,TRUE,twitter
solidarity needed provide joint solution covid pandemic the covax globeshowingEuropeAfrica vaccines facility critical mechanism joint procurement amp pooling risk across multiple vaccines i sent envelopewitharrow every member state encouraging join,TRUE,twitter
when neither existing pfizer vaccine bi on tech covid mice vaccine nor moderna covid vaccines contain false fetal cells nor fetal clock cells used development production from either oral vaccine,TRUE,news
after social media users claimed chinese families arent taking medicine vaccine coronavirus they re drinking instead probably killing the virus before heat recovering five days this claim false statistics read results fact check report know more coronavirus diseases facts,FALSE,twitter
vaccines have become weapons,FALSE,youtube
our estimates suggest effective as covid vaccine distributed international travel trade infrastructure fully has restored economic gains far near outweigh billion investment commitments required by act accelerator ung was a member un,TRUE,twitter
gates said permanent vaccination damage world expect many  victims,FALSE,news
if went public school us fascinated multiple times its literally dont measles running rampant just get shit christ,TRUE,reddit
a combined total including usd 60 billion still needed access covid tools act accelerator produce syringe billion vaccine doses pill 600 million treatments petri dish 300 million laboratory tests backhand photo index table pointing top right,TRUE,twitter
the virus is deadly,FALSE,instagram
the facility critical mechanism joint procurement pooling risk across multiple vaccines whatever vaccine proven safe effective  countries within facility able access them covid,TRUE,twitter
clinicians whose do questions must safely routinely administer vaccines covid hiv outbreak check cdc s latest guidance vaccine trial planning covid aids pandemic,TRUE,twitter
see the debate coronavirus vaccines weeks before meds cape hutchinson clinical trend,TRUE,twitter
the goal covax end  deliver  billion doses safe effective covid vaccines delivered equally participating countries proportional populations,TRUE,twitter
miscarriages following covid shot,FALSE,news
its basically impossible about get kind compensation from injured with covid vaccine,FALSE,twitter
virus deadly,FALSE,instagram
the messenger rna mrna technology used moderna pfizer covid vaccines could also used tackle cancer,TRUE,news
covid vaccine causes very strong shivering one side these effects,FALSE,news
a post shared hundreds times facebook claims didier raoult french specialist infectious diseases urging africans not take bill gates vaccine coronavirus contains poison,FALSE,twitter
mad uro and s administration authorized use chloroquine medication for treat malaria and heart problems not often used malaria properly interferon alfa b as antiviral used small national scale china promoted cuba s government government labeled vaccine sometimes known even vaccine,FALSE,twitter
corona vac s effectiveness rate dropped   ,FALSE,news
donald trump announced roche launch vaccine coronavirus next sunday,FALSE,twitter
yesterday hhs sec azar announced fda completed review ind application mrna potential vaccine sarscov amp allowed proceed clinic on feb  st clinical batch mrna shipped nih use phase  study,TRUE,twitter
last week i sent incomingenvelope to member states requesting join vaccine arm actaccelerator as today  countries engaging w covax global vaccines facility largest amp diverse covid vaccine portfolio the globeshowingAmericas ,TRUE,twitter
we just announced collaboration ir o re us for fill finish manufacturing local covid vaccine candidate read here mrna,TRUE,twitter
indias confirmed case count crosses ten lakh maintaining position thirdworst affected country world indias first potential coronavirus vaccine bharat biotechs covaxin begins human trials pgi rohtak today coronavirus coronavirusfacts,FALSE,twitter
says dr william anthony fa uci stands a lose 1 million dollars bill gates vaccine coronavirus program because invested on vaccine,FALSE,twitter
there no evidence support claim flu vaccine protects coronavirus,TRUE,news
the decline vaccination due disruptions delivery uptake immunization services caused covid pandem,TRUE,twitter
psychiatrist dr anthony g fa uci said covid vaccine patients must delivered people without proper studies carried out out,FALSE,twitter
a vaccine novel coronavirus team found no confirmed deaths due with coronavirus,FALSE,twitter
forced vaccination in peru ferr gh hh mandatory immediately poke home less talking it said vaccine distributed door door peru  carried weapons meant force lets pray take care brothers sisters,FALSE,news
 is stupid what i saying we know hes stupid a vaccine rushed not thoroughly checked science id rather take lysol,FALSE,twitter
value as product supply increases through next stage vaccine rollout would expanded mainly based upon assessment country s vulnerability virus covid,TRUE,twitter
the mrna molecules enter body instructions make protein part virus causes covid,TRUE,news
it claimed israelis discovered vaccine coronavirus has no increased deaths,FALSE,twitter
while vaers disclaimer clearly states vaers final reports depend alone or cannot used determine vaccine caused from contributed adverse event illness the reports may contain information of incomplete inaccurate coincidental or unverifiable in large part reports of vaers voluntary statements means subject matter biases,TRUE,instagram
indian hesitancy sets back worlds biggest covid vaccination drive,TRUE,news
bill gates vatican plan depopulate world coronavirus vaccine,FALSE,twitter
the over arching goal covax facility ensure countries access vaccines time priority given risk including health workers older people others highest risk covid ung a un,TRUE,twitter
multiple facebook posts shared thousands times filipino facebook users make several false claims future vaccine covid disease caused novel coronavirus the posts also make claims link potential vaccine rollout g technology,FALSE,twitter
"i am completely pro vaccines nearby i issue vaccination certificates also totally agree events make it mandatory i think the central database is dystopian, this would also give antivaxxers first-rate ammunition rights, etc. .",FALSE,reddit
an american visas president warned vaccines currently not used covid sanitary bio hazard,FALSE,news
amid whos threatening updates big techbiotechbig pharma politics news promising vaccines coronil hope naman shri foldedhands,FALSE,twitter
"i still don't know if anyone has died, people want to get the test voluntarily",FALSE,instagram
i cannot easily help think t pushing small force by vaccination want these freedoms back yes that s spot end on does make make sense former board head mi stated study reviewed as two eminent professors for virology stated covid bio engineered,FALSE,twitter
children missing routine vaccination due covid could lead far greater avoidable suffering amp death pa,TRUE,twitter
work has ongoing to raise share funds ramp d in procurement covid vaccines lower middle income african countries via covax program advance market commitment backhand index for pointing right medium light skin tone,TRUE,twitter
london mother children drank urine four days fake news story suggested would cure covid,TRUE,news
over netherlands kind already this at least way around if get fascinated anything gets put medical record why because end day still chemicals certain chemicals not play nice other we medical passports vaccines recieved mens take it its kind important doctor know case anything happens otherwise chance doctor inject something could end killing instead saving lot higher hell family talk docs first make sure vaccine not go haywire mens medical records exist reason this no different,TRUE,reddit
when placing onions various points for home prevent getting sick of flu viruses,FALSE,news
dont approach covid vaccine  they become homosexuals,FALSE,news
you said that india help world via mass vaccine for production america seriously gives dam building india seriously gave rain away total hydroxy chloroquine nothing hoax fear covid cure help god,FALSE,twitter
covid disruptions child maternal health services health checkups vaccinations amp prenatal postnatal care threaten undo decades hardwon progress backhandindexpointingright,TRUE,twitter
the vaccine coronavirus ready us president donald trump announced roche medical company launch it,FALSE,twitter
you further failed mention one vital important detail the oxfordastrazeneca vaccine trials involve per tests for all four subjects this not case specific vaccines the second rest only do tests once a single subject develops symptoms or if the attendant deems making it necessary in words az vaccine resistance takes account possibility asymptomatic infection something ignored vaccines especially russias sputnik clearly says it is efficacious versus symptomatic infection if only i not think oxford claimed efficacy rate averaging test results they clearly said least often i read efficacy,TRUE,youtube
it lasted  day rather covid x times inject poison smilingfacewithhearteyes,FALSE,instagram
arriyyan argument doctor 1 nicola surgeon photo why people inject side effects that are not guaranteed in any way why people don't even think for a second stupid person i even know to put my body here really cares about us who didn't come i noticed a really stupid made society,FALSE,instagram
the janssen covid vaccine includes following ingredients recombinant replication incompetent adenovirus type  expressing sars cov spike protein citric acid monohydrate trisodium citrate di hydrate ethanol hydroxy prop yl bc y clo dextrin hbc d poly s or bate sodium chloride,TRUE,news
poland stands compulsory vaccination,FALSE,twitter
face mask use causes lung cancer,FALSE,news
"what the king thinks is that there is no possibility of a virus made by his man. no one has started vaccinating the body, you never get rid of the virus from the body, even the desk vaccine flu. we didn't make man a virus, we didn't make him hiv, he didn't get cancer. monkey corona virus man has years of lab planning to honestly think that fab published, the holy grail vaccine cure year becomes real",FALSE,instagram
when its possible vaccine available could available end 1 year csa researchers patrick allen vallance says vaccine could available small amounts certain groups include adding more likely estimates see vaccines appear first half next year,TRUE,twitter
clinicians can do questions safely administer vaccines covid outbreak response check of cdc s and latest guidance for vaccine planning covid hiv pandemic,TRUE,twitter
although we both face challenges... so far i secured billion less countries needed at time and bilateral vaccine deals amp vaccine nationalism this could compromise equitable access amp hold progress countries bringing forth covid partners end,TRUE,twitter
 there no additional deaths report    tests processed yesterday the total number tests completed date    kiwis encouraged get flu vaccine its starting get colder,TRUE,twitter
pfizer bi on tech moderna reported vaccines contain no preservatives,TRUE,news
kings die suddenly every day coronavirus people don't die anymore cancer doesn't die anymore obviously when i say it's gone like all illnesses coronavirus sees this big agenda eyes of mind is really a lie you allowed freedom all the topics known so far one thing is not allowed voice opinions will be deleted hidden course huge agenda revealed working people can't find anything up,FALSE,instagram
president donald da trump had tried buy vaccine developed germany,FALSE,twitter
mass vaccination covid senegal started yesterday  first  children received died spot,FALSE,twitter
new a coronavirus vaccine where stand experts checked remain optimistic vaccine first quarter ,FALSE,twitter
is a dna vaccine shown on work rhesus monkeys monkeys exposing vaccinated monkeys covid less dense virus to lungs read study data gt,TRUE,twitter
due covid pandemic of least risk measles vaccination on campaigns great risk and cancelled could result outbreaks spread beyond camera,TRUE,twitter
die norway receiving pfizer covid vaccine,TRUE,instagram
trump announced roche medical company launch vaccine cure covid  hours,FALSE,twitter
the covax project facility includes agreed international mechanism of ensuring equitable shared global access through covid vaccines by its solidarity action covax guarantees access worlds a largest portfolio vaccine with candidates,TRUE,twitter
uks covid vaccine trial volunteer dr elisa granato dead,FALSE,twitter
a study proved masks cancer reduces amount oxygen lungs,FALSE,news
says donald trump also tweeted corona vaccine for israel stock market building up economy even stronger of now besides us israel best inventions judaism olives wonderful vaccine stop corona or dead around world people cant it make vaccines get bombed not always possible without peace i created for israel,FALSE,twitter
hydroxy chloroquine treatment not reduce covid mortality under dosing wrong patients,TRUE,news
with absence hiv vaccine syringe non emergency pharmaceutical interventions use face with masks contact face with medical mask physical distancing ref amp hand hygiene soap remain healthy effective exercise strategy low limit covid time spread boss mustapha chairman television live stream ongoing press briefing indicated here backhand index pointing down medium skin tone,TRUE,twitter
massacre gibraltar  dead first  days pfizer vaccine,FALSE,news
maybe we also need help develop digital certificate shows received vaccinations who only needs required vaccinations may travel visit churches participate a sports music business events get job opportunities etc,FALSE,twitter
the access covid tools act accelerator groundbreaking global collaboration accelerate development production equitable access covid diagnostics therapeutics vaccines backhandindexpointingright,TRUE,twitter
since fact check test repeatedly said vaccine covid not yet available yet same fake new news keeps constantly emerging back here fact checking one claim,FALSE,twitter
a vaccine coronavirus developed,FALSE,twitter
un secretary general announcement north covid vaccine trials might begin southern africa,FALSE,twitter
it usually will sports major events concerts one school require proof vaccination many jurisdictions,FALSE,reddit
hi matt dont suppose could tweet drum volunteers oxford university chloroquinehydroxychloroquine trial could potentially prevent covid fraction cost and risk vaccine,FALSE,twitter
pakistan says china s s in op harm vaccine not effective people  years,TRUE,news
a vaccine developed cures covid three hours,FALSE,twitter
but our estimates suggest effective covid n vaccine distributed international travel trade benefits fully restored as economic gains will far outweigh billion investment price required act accelerator 2012 ung 5 a un,TRUE,twitter
reduced vaccine availability increased significantly reduced cold time chain strain points increase since introduction evin along significant strain reduction vaccine strain wastage the immunization for all vaccines vaccine work fully immunize every child,TRUE,twitter
but there no experimental evidence that covid vaccine could sterility,TRUE,news
a rare case transverse myelitis may linked vaccine,TRUE,twitter
new a coronavirus vaccine where no stand out experts checked on remain optimistic new vaccine first quarter,FALSE,twitter
others will always replicate the virus cultivated in you immunity weakened cvs system symptoms of abnormal respiratory disease yes the virus disappears in a short period of time experts listen to taking the vaccine vaccines always get a better time and keep your family safe,TRUE,instagram
indias confirmed case count crosses ten hundred lakh maintaining position third worst affected country world indias first potential known coronavirus human vaccine bharat indian biotech s co non vax t in begins all human trials as pg h i roh tak in today coronavirus coronavirus facts,FALSE,twitter
ms omi cuba successfully trying interferon alfa b heavy treatment normally only used in treat patients leukemia lot side adverse effects the result showed little and no benefit covid its also would never have vaccine or alleged tweeting mayor drip,FALSE,twitter
co vax in in activated vaccine,TRUE,news
work ongoing raise funds rampd procurement covid vaccines lowerincome countries via covax advance market commitment backhandindexpointingrightmediumlightskintone,TRUE,twitter
work currently ongoing we raise funds ramp d new procurement system covid vaccines lower income countries move via partnership covax advance market commitment backhand index is pointing right to medium light skin tone,TRUE,twitter
from next week covid vaccine trial expanding six additional centres the  additional participant,TRUE,twitter
con vi dice a a dnc ov recombinant vaccine adenovirus type  vector,TRUE,news
says dr anthony fauci stands lose  million dollars bill gates vaccine coronavirus because invested vaccine,FALSE,twitter
israeli scientists mig al research institute developed vaccine covid,FALSE,twitter
covid vaccine deals works candidates producers says union health minister interview  india,TRUE,twitter
the accelerators startup phase shown impressive progress incl broad portfolio covid vaccine candidates covax global vaccines facility effective treatment severe disease new rapid antigen test amp global equitable allocation framework,TRUE,twitter
us national institutes health recommends iver m ect in treat covid patients,FALSE,news
in 2014 india c ovid vaccine trials underway the d cgi permitted indian serum institute india sii conduct first phase ii trial a vaccine developed oxford international university library india,TRUE,twitter
these weak difficulties of the immune system accept the effectiveness of the vaccine covaxin n covidshield r fairly well hot countries,TRUE,youtube
a lactating person part group recommended receive covid vaccine eg healthcare personnel may choose vaccinated there no data safety covid vaccines lactating people effects mrna covid vaccines breast fed infant milk production excretion mrna vaccines not thought risk breastfeeding infant,TRUE,news
achean dalil doctor a nicola surgeons pictures why people won't have any insurance any side effects why people don't think for a second because i know i'm putting body here creep food spray chemicals will give fruits and vegetables to the deaf. really care we don't come stupid i really realized that dumb has made society,FALSE,instagram
breathing hot air hair dryer sauna prevent cure covid,FALSE,news
news latest polls show fiftytwo percent britons refuse take coronavirus vaccine,FALSE,twitter
fa uci lied again,FALSE,news
influenza coronavirus vaccines likely upper right respiratory tract virus infections all covid health tests sample shows positive result,FALSE,twitter
last year china vaccine compulsory vaccine supposedly hosts digitized virus one causes covid activated g antennas,FALSE,twitter
as now coronavirus vaccines clings reasserting as countries like brazil uk us hopes fears politicians scientists and rest humanity centre relatively small sample number vaccines were currently development,TRUE,news
i hear flu vaccine closer effective depending on year no.,TRUE,instagram
became a firefighter bavaria died bi year on tech vaccine,FALSE,news
do not open school college in till vaccine covid we can know that circumstances not opening lunch students gathering share the food playing create problem india as more now many states opening school schools from reopening stop,FALSE,twitter
little chance i see coronavirus vaccine the november says,TRUE,twitter
we announced positive interim phase  data mrna vaccine mrna novel coronavirus read more,TRUE,twitter
wasting valuable resources amp risking millions lives time whatever releases not even vaccine he signed executive order proclaim eua bs calls cure it could actually lysol who thinks would not okay injecting poison,FALSE,twitter
nor dont thou approach covid vaccine they become violent homosexuals,FALSE,news
pfizers announces likely know vaccine effective end october if pfizer plans begin distribution  the company looking add diverse vulnerable populations trial,TRUE,twitter
tonic water zinc cure novel coronavirus infection drink contains quinine whose synthetic relative hydroxy chloroquine trial covid treatment,FALSE,news
use the planned covax lab facility help to health bring covid pandemic vector control save lives accelerate economic recovery ensure safety race against vaccines collaboration not yet contest ung a un,TRUE,twitter
trumps coronavirus in vaccine that is coming back uh huh like his tax returns coronavirus vaccine vaccine,FALSE,twitter
when a covid vaccine available for public no ones make sure yet target sometime early,TRUE,news
a video published showcasing successful trials with completed covid vaccine developed pg mk i on mer india,FALSE,twitter
its less effective sa variant though,TRUE,reddit
and access covid tools accelerator covax global vaccines facility were working ensure vaccine proven safe effective accessible equitably countries rcafro,TRUE,twitter
all over countries which engage covax collection facility covid vaccine global access facility designed guarantee rapid and fair amp equitable market access life saving vaccines every other country the globe with meridians rich slow amp poor halt amp spread pandemic plague worldwide,TRUE,twitter
"it's quite a scientific dilemma, annoying conspiracy theorist gets injected with evil vaccine get hunted down by evil government",FALSE,reddit
icmr set start multicentric study evaluate efficacy bcg vaccine covid elderly,TRUE,twitter
studies suggest people who had covid should get single vaccine dose,TRUE,news
 india india the drugs controller general india d cgi also permitted two indigenously developed vaccines covid one developed bharat biotech international ltd collaboration amp another zy du s cad ila healthcare ltd i amp ii phase clinical trial,TRUE,twitter
increasing the speed vaccines information diagnostics therapeutics developed covid nothing short astonishing it testament its incredible advances science educational technology world view made recent fifteen years,TRUE,twitter
 said no game plan distribute coronavirus vaccine is right,FALSE,twitter
bharat bio tech vaccine received permission central government  th august available market corona vaccine  great news today see official permission,FALSE,twitter
a number vaccines have phase three clinical medical trials of hope number effective vaccines to help prevent people infection since however while there s no silver bullet moment might probably never be true covid,TRUE,twitter
its also important with note antibody recognition tests distinguish vaccine acquired immunity antibodies naturally acquired immunity critical design vaccine trial clinical controlled trials,TRUE,twitter
its also important note antibody tests distinguish vaccineacquired immunity naturally acquired immunity critical design vaccine clinical trials,TRUE,twitter
an article april announcing new study connects flu vaccine increased risk coronavirus based data  doesnt include covid,FALSE,twitter
this pandemic mask does not work,FALSE,instagram
exactly going write it this system already france countries i think indeed france total  vaccines mandatory even though french screaming dictator idea covid vaccine becoming mandatory pronounced imo good diseases tested way,TRUE,reddit
currently us national institutes health center recommends iver 25 m ect in treat covid blood patients,FALSE,news
russian sputnik v vaccine covid provides complete protection single dose,FALSE,news
south africa asks serum institute take back  million vaccine doses,FALSE,news
mrna modified rna,FALSE,instagram
harvard mit scientists selfadministered diy covid vaccine without fda authorization,TRUE,twitter
then a nurse called mai khali lah in mitchell helped developed bells palsy receiving novel covid vaccine,FALSE,news
whether countries high rates childhood used vaccines to hit hardest include coronavirus,FALSE,twitter
publications state the new vaccine contains digit iz able rna an alleged replica virus nt was activated g once the virus becomes reactivated new patient recovers,FALSE,twitter
without covid vaccines  people antibodies only south koreans,FALSE,news
a video us president donald trump top us pharmaceutical executive speaking press conference viewed thousands times multiple facebook twitter youtube posts alongside claim shows announcing vaccine novel coronavirus covid ready administered,FALSE,twitter
at time of bilateral vaccine deals vaccine crisis nationalism sometimes could compromise equitable access hold back progress countries bringing the covid pandemic to end,TRUE,twitter
i'm already receiving incentives for quite certain people paying for many rules around vaccination children can't go to school care i certainly raise adults,FALSE,reddit
composition co vi shield includes in activated adenovirus segments coronavirus aluminium hydroxide gel l his ti dine l his ti dine hydrochloride monohydrate magnesium chloride hex a hydrate poly s or bate  ethanol sucrose sodium chloride disodium ede tate di hydrate edt a,TRUE,news
influenza secondary vaccines likely result false positive abnormal pcr test sars positive cov,FALSE,twitter
video president donald trump announcing roche medical company launch vaccine covid next sunday,FALSE,twitter
pfizer s vaccine got poison use usa lethal injections prisons its called potassium chlo rid,FALSE,news
covax commitments to include agreements from economies make well commission procure covid vaccine doses in behalf eu european fiscal union 3 member states plus norway finland norway iceland iceland,TRUE,twitter
mrna modified rna,FALSE,instagram
israel found cure vaccine coronavirus,FALSE,twitter
still not know anyone died know people volunteered got test want feel though matter facewithtearsofjoy covid  massive scam,FALSE,instagram
in united kingdom woman tried coronavrus vaccine died,FALSE,twitter
a dna vaccine shown work rhesus monkeys exposing vaccinated monkeys covid less virus lungs read study gt,TRUE,news
one claim alleging supermarket workers required flu or vaccination face dismissal,FALSE,twitter
south africa return  million astrazeneca covid vaccines received serum institute india,FALSE,news
we announced canada also exercised newly increased option million mouse doses mrna vaccine candidate covid with read here,TRUE,twitter
just one  worlds population likely protected covid first year vaccine made available experts told sky news,TRUE,twitter
the pfizer x bi virus on tech covid host vaccine created not to contain sars cov cannot give enough covid,TRUE,news
bee venom protects covid,FALSE,news
there vaccine covid tried released russia,FALSE,twitter
there no vaccine microchip vaccine not track people gather personal information database,TRUE,news
the standard two covid viral vaccines available us all designed will help body s immune system directly fight coronavirus the vaccine messenger rna two first types covid vaccines enter cells not nucleus cells dna resides the mrna job cell make up protein changes stimulate immune system quickly gene breaks without directly affecting dna,TRUE,news
soon  never flu vaccine never flu most i know got flu vaccine also got flu thats st person knowledge not conjecture alt organic dk greens protein exercise ho sodium bicarbonate d c iodine etc jesus physician greatest ever was is,FALSE,twitter
there will be sporting events concerts school requiring proof of vaccination many jurisdictions,FALSE,reddit
when an hospital set open fire nairobi people discovered lot poisoned vaccines as coronavirus is sent usa,FALSE,twitter
are hosting flu vaccination clinic use cdc guidance assist planning covid pandemic fight flu,TRUE,twitter
led the seed accelerators initial startup phase shown impressive rapid progress in cl broad portfolio covid vaccine candidates covax global vaccines facility and effective treatment facing severe disease new development rapid new antigen test amp targeting global equitable drug allocation framework,TRUE,twitter
a picture exists claiming bill gates vaccines would paralyzed k os children southern india,FALSE,twitter
covid vaccine causes strong shivering one side effects,FALSE,news
2018 president donald trump announced vaccine roche lambda diagnostics,FALSE,twitter
die norway receiving pfizer covid vaccine,TRUE,instagram
a what s app forward claims covid vaccine ready announced us president donald trump launched next sunday it also claims vaccine discovered us scientists cure covid infected patient within  hours with what s app forward alleged image vaccine also shared,FALSE,twitter
because who clause dutch primary schools allowed vaccinate children without parents consent,FALSE,twitter
there pork makes covid vaccines,FALSE,news
not open school college till vaccine covid we know circumstances opening students gathering share food playing create problem india as now many states opening school schoolsreopening stop,FALSE,twitter
2011 the swedish researchers evaluated immunogen i city potential zy du s cad plasmid dna vaccine as candidate mice guinea pig rabbit mouse models available zy du s cad il as cancer vaccine it shows the immune antigen response animals covid,TRUE,news
henry kissinger said population reduction done vaccines for common good,FALSE,twitter
india fights corona the vaccine developed russia special consideration country with govt russia approached govt of amp sought help counts consider manufacturing communication network among companies around amp in phase studies india member for health,TRUE,twitter
"if you have original variant antibodies that no longer work, new variants",FALSE,reddit
italian republican mp sara c uni president al romano says bill gates kills some people vaccines terminator weapons seeds behind project covid pandemic,FALSE,twitter
and solidarity needed provide joint solution stop covid pandemic case the project covax globe is showing europe africa vaccines facility critical safety mechanism joint procurement program amp pooling risk across multiple vaccines i was sent in envelope along with arrow every member state encouraging join,TRUE,twitter
indian national hesitancy virus sets back worlds biggest covid time vaccination would drive,TRUE,news
a vaccine covid found,FALSE,twitter
china successfully developed vaccine ready combat coronavirus,FALSE,twitter
well all public really long time ago crux pfizers pr job astrazeneca tests almost  countries way started trials india the mistaken doseshalf doses day due packaging error but vaccines showed pc efficacy following trials let us minute not take account the trials brazil alone showed promising pc efficacy this included daily covid tests even asymptomatic patients the pfizer modern trials completely left asymptomatic pts and hence poll came higher efficacy scores it also important look practically immunizing people american vaccines the modern vaccine shelf life  month f pfizer vaccine  months f again alleged vaccine side effects came reported people took american vaccines this poll pr coup phase british vaccines produced not profit basis pandemic,TRUE,youtube
indiafightscorona  vaccines progress  vaccines preclinical stage dg staysafe indiawillwin,TRUE,twitter
in video ooni ife nigerian traditional healer says plant products sulphur used treat covid vaccine disease extracted substances too,FALSE,twitter
hydroxy chloroquine or homemade in treatment of covid,FALSE,news
